job_id,appointment_date,job_category,severity,assigned_pay_id
JOB000001,2026-05-15,Repair,High,ENG014
JOB000002,2026-07-14,Installation,Medium,ENG015
JOB000003,2026-02-06,Repair,Critical,ENG023
JOB000004,2026-07-19,Repair,High,ENG009
JOB000005,2025-08-19,Repair,Low,ENG016
JOB000006,2020-05-29,Installation,Medium,ENG029
JOB000007,2025-09-27,Repair,Critical,ENG016
JOB000008,2026-04-24,Repair,Critical,ENG004
JOB000009,2026-03-05,Repair,Low,ENG010
JOB000010,2026-02-05,Installation,Medium,ENG018
JOB000011,2024-11-02,Service,Low,ENG026
JOB000012,2025-03-31,Service,Low,ENG002
JOB000013,2025-08-13,Repair,Critical,ENG014
JOB000014,2020-07-01,Installation,Medium,ENG004
JOB000015,2026-01-06,Repair,Critical,ENG024
JOB000016,2023-05-30,Installation,Medium,ENG022
JOB000017,2025-11-26,Service,Low,ENG001
JOB000018,2026-05-10,Installation,Medium,ENG015
JOB000019,2026-05-19,Service,Low,ENG020
JOB000020,2025-10-28,Repair,High,ENG005
JOB000021,2026-01-24,Repair,High,ENG009
JOB000022,2021-12-25,Installation,Medium,ENG021
JOB000023,2025-12-20,Repair,Critical,ENG024
JOB000024,2025-09-08,Repair,Low,ENG016
JOB000025,2025-12-08,Repair,Low,ENG020
JOB000026,2026-05-30,Installation,Medium,ENG023
JOB000027,2024-09-15,Service,Low,ENG017
JOB000028,2026-03-28,Repair,High,ENG010
JOB000029,2023-02-21,Installation,Medium,ENG017
JOB000030,2025-12-15,Service,Low,ENG014
JOB000031,2025-01-02,Service,Low,ENG012
JOB000032,2026-03-18,Repair,Critical,ENG027
JOB000033,2024-07-11,Installation,Medium,ENG011
JOB000034,2025-06-05,Installation,Medium,ENG001
JOB000035,2026-02-24,Repair,Critical,ENG028
JOB000036,2025-10-29,Repair,Low,ENG003
JOB000037,2024-03-17,Installation,Medium,ENG021
JOB000038,2026-06-03,Repair,Low,ENG005
JOB000039,2025-09-22,Installation,Medium,ENG007
JOB000040,2026-07-31,Service,Low,ENG027
JOB000041,2026-03-22,Service,Low,ENG004
JOB000042,2025-11-19,Repair,Low,ENG013
JOB000043,2025-01-18,Installation,Medium,ENG029
JOB000044,2025-01-03,Service,Low,ENG029
JOB000045,2025-08-12,Repair,High,ENG001
JOB000046,2025-09-05,Repair,Critical,ENG017
JOB000047,2024-08-09,Installation,Medium,ENG024
JOB000048,2025-09-26,Service,Low,ENG026
JOB000049,2026-06-29,Repair,Critical,ENG007
JOB000050,2026-06-07,Installation,Medium,ENG029
JOB000051,2025-07-15,Service,Low,ENG022
JOB000052,2026-04-23,Repair,Critical,ENG020
JOB000053,2025-04-15,Installation,Medium,ENG029
JOB000054,2026-01-07,Service,Low,ENG028
JOB000055,2024-10-10,Service,Low,ENG030
JOB000056,2026-01-11,Installation,Medium,ENG021
JOB000057,2026-02-18,Repair,Critical,ENG023
JOB000058,2025-07-30,Installation,Medium,ENG014
JOB000059,2026-01-04,Repair,High,ENG017
JOB000060,2025-10-18,Repair,Critical,ENG005
JOB000061,2026-02-10,Repair,Low,ENG028
JOB000062,2022-05-03,Installation,Medium,ENG014
JOB000063,2025-04-07,Service,Low,ENG025
JOB000064,2026-03-26,Repair,Critical,ENG029
JOB000065,2026-03-26,Repair,Low,ENG020
JOB000066,2026-02-18,Repair,High,ENG029
JOB000067,2023-10-23,Installation,Medium,ENG018
JOB000068,2026-07-30,Installation,Medium,ENG001
JOB000069,2024-09-16,Service,Low,ENG009
JOB000070,2026-07-10,Service,Low,ENG017
JOB000071,2026-04-19,Repair,High,ENG025
JOB000072,2025-12-22,Repair,High,ENG026
JOB000073,2024-03-05,Installation,Medium,ENG025
JOB000074,2025-06-08,Service,Low,ENG004
JOB000075,2026-06-14,Installation,Medium,ENG017
JOB000076,2024-11-26,Service,Low,ENG018
JOB000077,2026-02-11,Service,Low,ENG021
JOB000078,2026-07-01,Repair,High,ENG005
JOB000079,2024-08-29,Installation,Medium,ENG030
JOB000080,2025-07-02,Service,Low,ENG028
JOB000081,2025-05-18,Service,Low,ENG019
JOB000082,2020-05-14,Installation,Medium,ENG005
JOB000083,2025-05-30,Service,Low,ENG002
JOB000084,2025-12-26,Repair,Low,ENG018
JOB000085,2024-10-08,Installation,Medium,ENG024
JOB000086,2026-04-29,Installation,Medium,ENG003
JOB000087,2024-08-13,Service,Low,ENG020
JOB000088,2025-03-13,Service,Low,ENG011
JOB000089,2025-12-15,Repair,Critical,ENG028
JOB000090,2024-04-24,Installation,Medium,ENG002
JOB000091,2025-05-03,Service,Low,ENG007
JOB000092,2025-03-31,Service,Low,ENG001
JOB000093,2017-08-30,Installation,Medium,ENG001
JOB000094,2025-07-16,Service,Low,ENG006
JOB000095,2026-07-09,Repair,Medium,ENG004
JOB000096,2026-07-28,Installation,Medium,ENG002
JOB000097,2025-10-13,Service,Low,ENG006
JOB000098,2019-09-04,Installation,Medium,ENG029
JOB000099,2025-09-07,Repair,Low,ENG013
JOB000100,2025-12-26,Installation,Medium,ENG029
JOB000101,2025-01-18,Service,Low,ENG018
JOB000102,2026-05-13,Repair,Critical,ENG015
JOB000103,2026-03-27,Installation,Medium,ENG030
JOB000104,2026-06-24,Service,Low,ENG002
JOB000105,2024-09-10,Installation,Medium,ENG021
JOB000106,2025-07-15,Service,Low,ENG027
JOB000107,2026-03-02,Service,Low,ENG024
JOB000108,2026-01-12,Repair,High,ENG027
JOB000109,2025-09-30,Installation,Medium,ENG025
JOB000110,2026-04-20,Service,Low,ENG009
JOB000111,2026-01-22,Repair,Critical,ENG001
JOB000112,2021-12-24,Installation,Medium,ENG025
JOB000113,2025-03-16,Service,Low,ENG003
JOB000114,2024-12-09,Service,Low,ENG029
JOB000115,2026-06-12,Repair,High,ENG027
JOB000116,2022-01-14,Installation,Medium,ENG001
JOB000117,2026-02-20,Service,Low,ENG030
JOB000118,2026-07-02,Service,Low,ENG027
JOB000119,2026-01-15,Repair,High,ENG009
JOB000120,2021-10-08,Installation,Medium,ENG006
JOB000121,2021-05-08,Installation,Medium,ENG028
JOB000122,2026-05-13,Repair,Critical,ENG029
JOB000123,2025-11-16,Installation,Medium,ENG012
JOB000124,2025-12-08,Installation,Medium,ENG011
JOB000125,2026-07-01,Service,Low,ENG026
JOB000126,2025-06-21,Service,Low,ENG003
JOB000127,2025-09-27,Repair,High,ENG001
JOB000128,2026-06-24,Repair,Critical,ENG016
JOB000129,2022-03-07,Installation,Medium,ENG003
JOB000130,2026-03-20,Repair,High,ENG026
JOB000131,2026-03-24,Repair,High,ENG022
JOB000132,2023-01-07,Installation,Medium,ENG001
JOB000133,2024-10-09,Service,Low,ENG015
JOB000134,2025-09-28,Repair,Low,ENG019
JOB000135,2026-05-17,Installation,Medium,ENG006
JOB000136,2025-11-30,Installation,Medium,ENG019
JOB000137,2025-10-23,Repair,Medium,ENG011
JOB000138,2026-05-10,Installation,Medium,ENG030
JOB000139,2025-11-29,Repair,Critical,ENG023
JOB000140,2025-07-17,Installation,Medium,ENG030
JOB000141,2025-08-07,Service,Low,ENG008
JOB000142,2026-07-06,Repair,Critical,ENG008
JOB000143,2023-05-10,Installation,Medium,ENG012
JOB000144,2025-09-16,Service,Low,ENG004
JOB000145,2025-04-21,Service,Low,ENG021
JOB000146,2023-11-29,Installation,Medium,ENG018
JOB000147,2026-07-15,Installation,Medium,ENG029
JOB000148,2024-09-24,Service,Low,ENG030
JOB000149,2026-08-01,Repair,Low,ENG022
JOB000150,2018-02-15,Installation,Medium,ENG020
JOB000151,2025-11-05,Service,Low,ENG008
JOB000152,2026-03-14,Service,Low,ENG026
JOB000153,2025-12-27,Repair,High,ENG028
JOB000154,2024-02-16,Installation,Medium,ENG016
JOB000155,2024-10-11,Service,Low,ENG006
JOB000156,2025-08-06,Repair,Critical,ENG019
JOB000157,2026-01-10,Repair,High,ENG013
JOB000158,2022-11-12,Installation,Medium,ENG012
JOB000159,2025-12-13,Service,Low,ENG002
JOB000160,2026-07-15,Service,Low,ENG015
JOB000161,2025-11-18,Repair,Medium,ENG001
JOB000162,2022-11-08,Installation,Medium,ENG026
JOB000163,2024-07-23,Installation,Medium,ENG011
JOB000164,2025-06-21,Service,Low,ENG024
JOB000165,2025-10-10,Repair,Low,ENG010
JOB000166,2026-03-07,Repair,Critical,ENG025
JOB000167,2026-01-30,Repair,Critical,ENG019
JOB000168,2024-06-17,Installation,Medium,ENG015
JOB000169,2026-05-06,Repair,Critical,ENG028
JOB000170,2023-08-03,Installation,Medium,ENG023
JOB000171,2025-10-19,Service,Low,ENG011
JOB000172,2026-05-24,Repair,Critical,ENG030
JOB000173,2026-07-25,Repair,Critical,ENG004
JOB000174,2025-08-28,Installation,Medium,ENG020
JOB000175,2026-04-02,Installation,Medium,ENG015
JOB000176,2024-11-18,Service,Low,ENG017
JOB000177,2025-10-20,Repair,Critical,ENG005
JOB000178,2026-05-10,Installation,Medium,ENG019
JOB000179,2024-12-26,Service,Low,ENG007
JOB000180,2026-05-12,Service,Low,ENG001
JOB000181,2025-12-30,Repair,Low,ENG029
JOB000182,2022-01-12,Installation,Medium,ENG020
JOB000183,2025-03-16,Service,Low,ENG008
JOB000184,2025-05-21,Installation,Medium,ENG018
JOB000185,2025-10-08,Service,Low,ENG030
JOB000186,2025-08-20,Service,Low,ENG025
JOB000187,2020-07-13,Installation,Medium,ENG015
JOB000188,2025-08-20,Repair,Critical,ENG024
JOB000189,2026-06-19,Repair,High,ENG011
JOB000190,2020-02-19,Installation,Medium,ENG001
JOB000191,2026-06-20,Repair,High,ENG024
JOB000192,2024-04-02,Installation,Medium,ENG022
JOB000193,2025-11-29,Repair,High,ENG027
JOB000194,2026-06-24,Repair,Low,ENG030
JOB000195,2024-10-02,Installation,Medium,ENG008
JOB000196,2025-11-01,Service,Low,ENG006
JOB000197,2025-03-28,Service,Low,ENG017
JOB000198,2026-02-11,Repair,Critical,ENG008
JOB000199,2026-03-09,Repair,Critical,ENG001
JOB000200,2026-05-18,Repair,Critical,ENG012
JOB000201,2021-09-10,Installation,Medium,ENG019
JOB000202,2025-07-29,Service,Low,ENG004
JOB000203,2026-07-23,Installation,Medium,ENG001
JOB000204,2025-01-25,Service,Low,ENG015
JOB000205,2024-08-24,Service,Low,ENG008
JOB000206,2026-06-07,Repair,Low,ENG020
JOB000207,2025-03-21,Installation,Medium,ENG024
JOB000208,2024-08-05,Service,Low,ENG024
JOB000209,2025-10-02,Repair,Critical,ENG025
JOB000210,2023-01-13,Installation,Medium,ENG022
JOB000211,2025-02-24,Service,Low,ENG008
JOB000212,2025-03-25,Service,Low,ENG006
JOB000213,2021-03-16,Installation,Medium,ENG018
JOB000214,2026-04-09,Repair,High,ENG010
JOB000215,2026-06-23,Repair,Medium,ENG015
JOB000216,2026-04-08,Repair,Critical,ENG016
JOB000217,2024-08-03,Installation,Medium,ENG030
JOB000218,2025-08-06,Service,Low,ENG018
JOB000219,2024-11-08,Service,Low,ENG015
JOB000220,2026-04-14,Repair,High,ENG005
JOB000221,2026-01-26,Installation,Medium,ENG024
JOB000222,2026-01-03,Service,Low,ENG016
JOB000223,2024-02-12,Installation,Medium,ENG030
JOB000224,2026-06-28,Service,Low,ENG017
JOB000225,2025-11-23,Repair,Low,ENG024
JOB000226,2025-09-21,Installation,Medium,ENG009
JOB000227,2025-06-24,Service,Low,ENG019
JOB000228,2024-12-21,Service,Low,ENG025
JOB000229,2025-06-08,Installation,Medium,ENG022
JOB000230,2025-08-21,Service,Low,ENG010
JOB000231,2026-07-09,Service,Low,ENG004
JOB000232,2026-08-01,Installation,Medium,ENG003
JOB000233,2026-01-20,Service,Low,ENG017
JOB000234,2026-02-07,Installation,Medium,ENG015
JOB000235,2026-07-31,Installation,Medium,ENG028
JOB000236,2025-12-17,Service,Low,ENG021
JOB000237,2026-01-12,Installation,Medium,ENG008
JOB000238,2025-02-10,Service,Low,ENG022
JOB000239,2026-03-09,Installation,Medium,ENG009
JOB000240,2024-08-26,Service,Low,ENG025
JOB000241,2025-09-19,Repair,High,ENG012
JOB000242,2020-06-03,Installation,Medium,ENG029
JOB000243,2026-05-27,Repair,High,ENG012
JOB000244,2018-08-09,Installation,Medium,ENG011
JOB000245,2025-03-07,Service,Low,ENG012
JOB000246,2025-08-21,Service,Low,ENG008
JOB000247,2025-08-29,Repair,Critical,ENG022
JOB000248,2024-12-12,Installation,Medium,ENG022
JOB000249,2025-11-12,Service,Low,ENG006
JOB000250,2025-06-04,Installation,Medium,ENG030
JOB000251,2026-03-06,Service,Low,ENG025
JOB000252,2025-12-22,Repair,Low,ENG022
JOB000253,2023-02-28,Installation,Medium,ENG021
JOB000254,2025-10-29,Service,Low,ENG030
JOB000255,2026-02-27,Installation,Medium,ENG030
JOB000256,2025-08-12,Service,Low,ENG004
JOB000257,2025-10-17,Service,Low,ENG013
JOB000258,2023-06-18,Installation,Medium,ENG005
JOB000259,2025-07-08,Service,Low,ENG020
JOB000260,2026-06-09,Service,Low,ENG001
JOB000261,2025-11-12,Repair,High,ENG016
JOB000262,2024-12-09,Installation,Medium,ENG028
JOB000263,2025-12-04,Service,Low,ENG016
JOB000264,2026-01-18,Service,Low,ENG023
JOB000265,2019-03-21,Installation,Medium,ENG027
JOB000266,2020-02-08,Installation,Medium,ENG013
JOB000267,2026-02-04,Repair,Medium,ENG023
JOB000268,2026-07-17,Installation,Medium,ENG029
JOB000269,2024-02-08,Installation,Medium,ENG028
JOB000270,2026-01-25,Service,Low,ENG014
JOB000271,2026-06-17,Repair,Critical,ENG002
JOB000272,2019-08-13,Installation,Medium,ENG023
JOB000273,2025-09-19,Repair,Low,ENG025
JOB000274,2025-12-26,Repair,Low,ENG004
JOB000275,2026-02-19,Repair,Medium,ENG026
JOB000276,2026-05-15,Repair,Critical,ENG004
JOB000277,2026-03-15,Repair,High,ENG013
JOB000278,2019-01-15,Installation,Medium,ENG005
JOB000279,2025-09-18,Installation,Medium,ENG018
JOB000280,2024-08-17,Service,Low,ENG022
JOB000281,2026-06-28,Repair,Critical,ENG015
JOB000282,2022-08-13,Installation,Medium,ENG002
JOB000283,2025-11-12,Repair,High,ENG005
JOB000284,2025-10-06,Repair,High,ENG009
JOB000285,2026-07-02,Installation,Medium,ENG007
JOB000286,2025-10-29,Service,Low,ENG024
JOB000287,2024-09-18,Service,Low,ENG019
JOB000288,2025-09-29,Repair,Low,ENG013
JOB000289,2026-06-16,Installation,Medium,ENG011
JOB000290,2026-03-03,Installation,Medium,ENG004
JOB000291,2025-12-06,Repair,Critical,ENG004
JOB000292,2025-10-28,Installation,Medium,ENG012
JOB000293,2025-07-28,Service,Low,ENG026
JOB000294,2026-06-17,Service,Low,ENG009
JOB000295,2025-05-04,Installation,Medium,ENG023
JOB000296,2026-01-24,Service,Low,ENG020
JOB000297,2024-11-17,Service,Low,ENG012
JOB000298,2025-07-23,Installation,Medium,ENG003
JOB000299,2025-05-08,Service,Low,ENG008
JOB000300,2024-12-08,Service,Low,ENG003
JOB000301,2025-08-24,Repair,Critical,ENG030
JOB000302,2024-04-26,Installation,Medium,ENG023
JOB000303,2025-03-03,Service,Low,ENG012
JOB000304,2025-05-11,Service,Low,ENG006
JOB000305,2026-01-13,Repair,High,ENG017
JOB000306,2025-07-25,Installation,Medium,ENG028
JOB000307,2025-12-11,Service,Low,ENG010
JOB000308,2026-07-24,Repair,Critical,ENG030
JOB000309,2025-12-20,Repair,Low,ENG015
JOB000310,2025-08-22,Repair,Low,ENG013
JOB000311,2021-10-10,Installation,Medium,ENG025
JOB000312,2025-03-17,Service,Low,ENG008
JOB000313,2025-11-25,Repair,Critical,ENG018
JOB000314,2025-10-24,Installation,Medium,ENG004
JOB000315,2025-09-19,Service,Low,ENG002
JOB000316,2026-05-02,Installation,Medium,ENG016
JOB000317,2025-12-13,Service,Low,ENG026
JOB000318,2026-08-02,Repair,Critical,ENG004
JOB000319,2026-03-28,Installation,Medium,ENG016
JOB000320,2024-10-02,Service,Low,ENG016
JOB000321,2026-07-04,Installation,Medium,ENG027
JOB000322,2026-02-19,Repair,High,ENG023
JOB000323,2025-10-18,Repair,Low,ENG007
JOB000324,2026-03-03,Installation,Medium,ENG008
JOB000325,2026-03-22,Service,Low,ENG014
JOB000326,2026-04-04,Repair,High,ENG012
JOB000327,2025-10-14,Repair,Low,ENG006
JOB000328,2026-05-27,Repair,Critical,ENG030
JOB000329,2025-09-09,Repair,High,ENG004
JOB000330,2026-03-24,Repair,High,ENG024
JOB000331,2021-11-15,Installation,Medium,ENG004
JOB000332,2026-03-11,Service,Low,ENG030
JOB000333,2024-12-11,Service,Low,ENG030
JOB000334,2026-03-03,Repair,High,ENG025
JOB000335,2024-03-10,Installation,Medium,ENG018
JOB000336,2025-04-11,Service,Low,ENG015
JOB000337,2026-07-08,Repair,Critical,ENG030
JOB000338,2024-02-15,Installation,Medium,ENG013
JOB000339,2025-04-06,Service,Low,ENG018
JOB000340,2026-05-08,Service,Low,ENG025
JOB000341,2026-06-28,Repair,Critical,ENG007
JOB000342,2025-11-07,Installation,Medium,ENG028
JOB000343,2026-01-18,Service,Low,ENG023
JOB000344,2025-01-19,Installation,Medium,ENG030
JOB000345,2026-04-17,Service,Low,ENG028
JOB000346,2024-05-12,Installation,Medium,ENG009
JOB000347,2025-11-28,Repair,Low,ENG010
JOB000348,2025-11-17,Repair,Critical,ENG001
JOB000349,2023-01-01,Installation,Medium,ENG019
JOB000350,2026-01-18,Service,Low,ENG005
JOB000351,2026-05-02,Repair,Critical,ENG003
JOB000352,2021-04-17,Installation,Medium,ENG010
JOB000353,2026-04-28,Repair,Critical,ENG007
JOB000354,2026-01-21,Installation,Medium,ENG001
JOB000355,2025-12-22,Repair,Critical,ENG004
JOB000356,2025-09-10,Repair,Critical,ENG001
JOB000357,2025-01-01,Installation,Medium,ENG006
JOB000358,2025-09-23,Service,Low,ENG016
JOB000359,2026-03-17,Repair,High,ENG029
JOB000360,2024-07-20,Installation,Medium,ENG029
JOB000361,2025-05-04,Service,Low,ENG022
JOB000362,2026-04-13,Installation,Medium,ENG030
JOB000363,2026-06-19,Repair,Low,ENG020
JOB000364,2025-09-28,Repair,High,ENG009
JOB000365,2019-01-19,Installation,Medium,ENG026
JOB000366,2025-08-09,Repair,High,ENG005
JOB000367,2025-09-26,Repair,High,ENG014
JOB000368,2023-11-30,Installation,Medium,ENG018
JOB000369,2026-02-21,Repair,High,ENG023
JOB000370,2021-05-18,Installation,Medium,ENG018
JOB000371,2020-03-04,Installation,Medium,ENG010
JOB000372,2025-11-21,Repair,Critical,ENG027
JOB000373,2026-03-05,Installation,Medium,ENG003
JOB000374,2025-05-20,Service,Low,ENG028
JOB000375,2026-03-31,Service,Low,ENG005
JOB000376,2026-02-08,Repair,Critical,ENG016
JOB000377,2026-01-11,Repair,Critical,ENG015
JOB000378,2026-07-18,Installation,Medium,ENG022
JOB000379,2025-04-25,Service,Low,ENG023
JOB000380,2026-07-20,Service,Low,ENG014
JOB000381,2026-07-23,Repair,Critical,ENG008
JOB000382,2025-10-06,Repair,Critical,ENG021
JOB000383,2021-07-05,Installation,Medium,ENG025
JOB000384,2021-05-17,Installation,Medium,ENG010
JOB000385,2024-10-22,Service,Low,ENG007
JOB000386,2025-01-20,Service,Low,ENG003
JOB000387,2018-01-29,Installation,Medium,ENG013
JOB000388,2025-10-03,Repair,Low,ENG024
JOB000389,2024-12-19,Installation,Medium,ENG026
JOB000390,2025-08-29,Service,Low,ENG019
JOB000391,2025-10-28,Repair,High,ENG023
JOB000392,2026-07-01,Installation,Medium,ENG020
JOB000393,2026-06-22,Repair,Critical,ENG020
JOB000394,2023-02-24,Installation,Medium,ENG026
JOB000395,2024-12-28,Service,Low,ENG004
JOB000396,2022-01-26,Installation,Medium,ENG015
JOB000397,2026-04-13,Service,Low,ENG009
JOB000398,2026-07-18,Repair,High,ENG013
JOB000399,2026-03-08,Repair,Low,ENG011
JOB000400,2023-04-15,Installation,Medium,ENG001
JOB000401,2026-03-30,Repair,Critical,ENG019
JOB000402,2025-08-22,Installation,Medium,ENG003
JOB000403,2026-01-21,Service,Low,ENG004
JOB000404,2026-05-11,Service,Low,ENG011
JOB000405,2026-02-24,Repair,High,ENG015
JOB000406,2026-01-20,Installation,Medium,ENG002
JOB000407,2026-05-23,Service,Low,ENG016
JOB000408,2026-02-26,Repair,Medium,ENG021
JOB000409,2026-04-10,Installation,Medium,ENG007
JOB000410,2026-02-08,Service,Low,ENG006
JOB000411,2026-03-06,Repair,Critical,ENG012
JOB000412,2025-08-03,Installation,Medium,ENG007
JOB000413,2026-01-31,Service,Low,ENG022
JOB000414,2026-03-14,Service,Low,ENG001
JOB000415,2026-06-11,Repair,High,ENG009
JOB000416,2025-04-15,Installation,Medium,ENG023
JOB000417,2025-09-17,Repair,Critical,ENG007
JOB000418,2026-01-13,Repair,Low,ENG029
JOB000419,2023-08-27,Installation,Medium,ENG017
JOB000420,2024-06-27,Installation,Medium,ENG013
JOB000421,2025-07-27,Service,Low,ENG023
JOB000422,2026-07-16,Service,Low,ENG023
JOB000423,2025-03-19,Installation,Medium,ENG004
JOB000424,2024-10-02,Service,Low,ENG017
JOB000425,2025-09-18,Repair,Critical,ENG025
JOB000426,2026-06-18,Repair,High,ENG026
JOB000427,2025-09-23,Repair,Low,ENG017
JOB000428,2022-05-19,Installation,Medium,ENG005
JOB000429,2026-07-22,Service,Low,ENG027
JOB000430,2024-08-17,Service,Low,ENG019
JOB000431,2026-02-06,Repair,High,ENG026
JOB000432,2025-04-05,Installation,Medium,ENG017
JOB000433,2025-05-01,Service,Low,ENG019
JOB000434,2025-04-03,Service,Low,ENG011
JOB000435,2026-04-29,Repair,Low,ENG005
JOB000436,2025-12-22,Repair,Low,ENG015
JOB000437,2025-09-26,Repair,Critical,ENG027
JOB000438,2025-08-11,Installation,Medium,ENG019
JOB000439,2026-06-17,Repair,Low,ENG004
JOB000440,2025-10-11,Installation,Medium,ENG026
JOB000441,2025-07-13,Service,Low,ENG003
JOB000442,2026-07-15,Repair,Low,ENG021
JOB000443,2022-03-12,Installation,Medium,ENG020
JOB000444,2025-11-11,Service,Low,ENG001
JOB000445,2025-09-14,Service,Low,ENG020
JOB000446,2026-05-27,Repair,High,ENG001
JOB000447,2025-12-14,Repair,Medium,ENG007
JOB000448,2024-12-20,Installation,Medium,ENG006
JOB000449,2024-12-15,Service,Low,ENG028
JOB000450,2026-02-06,Service,Low,ENG019
JOB000451,2025-11-30,Repair,Critical,ENG014
JOB000452,2025-08-15,Repair,Critical,ENG012
JOB000453,2022-04-29,Installation,Medium,ENG021
JOB000454,2026-03-05,Service,Low,ENG013
JOB000455,2026-06-16,Repair,Low,ENG012
JOB000456,2025-09-19,Repair,Critical,ENG004
JOB000457,2023-09-27,Installation,Medium,ENG020
JOB000458,2025-01-23,Service,Low,ENG007
JOB000459,2024-11-11,Service,Low,ENG019
JOB000460,2026-07-02,Repair,High,ENG007
JOB000461,2025-10-22,Installation,Medium,ENG013
JOB000462,2026-01-25,Service,Low,ENG001
JOB000463,2024-11-22,Service,Low,ENG030
JOB000464,2026-04-28,Repair,Critical,ENG003
JOB000465,2025-10-30,Repair,High,ENG013
JOB000466,2025-12-01,Repair,Medium,ENG016
JOB000467,2025-07-12,Installation,Medium,ENG024
JOB000468,2025-11-30,Installation,Medium,ENG023
JOB000469,2024-11-09,Service,Low,ENG029
JOB000470,2021-02-21,Installation,Medium,ENG015
JOB000471,2025-10-24,Repair,High,ENG025
JOB000472,2025-04-25,Installation,Medium,ENG011
JOB000473,2024-11-13,Service,Low,ENG008
JOB000474,2025-09-03,Repair,Low,ENG022
JOB000475,2025-04-16,Installation,Medium,ENG019
JOB000476,2025-06-29,Service,Low,ENG028
JOB000477,2026-01-22,Service,Low,ENG021
JOB000478,2026-05-27,Repair,Critical,ENG028
JOB000479,2023-06-09,Installation,Medium,ENG015
JOB000480,2026-04-04,Service,Low,ENG004
JOB000481,2024-10-29,Service,Low,ENG009
JOB000482,2025-09-03,Repair,Medium,ENG030
JOB000483,2025-08-11,Repair,Low,ENG017
JOB000484,2026-03-19,Installation,Medium,ENG009
JOB000485,2026-03-28,Service,Low,ENG016
JOB000486,2025-08-15,Service,Low,ENG021
JOB000487,2026-05-25,Repair,Critical,ENG018
JOB000488,2026-01-24,Installation,Medium,ENG016
JOB000489,2026-01-17,Installation,Medium,ENG023
JOB000490,2025-07-04,Service,Low,ENG024
JOB000491,2021-12-16,Installation,Medium,ENG016
JOB000492,2024-09-06,Service,Low,ENG001
JOB000493,2025-10-19,Repair,Critical,ENG001
JOB000494,2025-03-20,Installation,Medium,ENG005
JOB000495,2025-09-14,Repair,Low,ENG015
JOB000496,2025-08-16,Repair,Medium,ENG015
JOB000497,2026-06-07,Repair,High,ENG022
JOB000498,2026-03-23,Installation,Medium,ENG012
JOB000499,2025-12-29,Service,Low,ENG003
JOB000500,2025-09-06,Service,Low,ENG009
JOB000501,2026-03-22,Repair,Low,ENG029
JOB000502,2026-04-23,Installation,Medium,ENG004
JOB000503,2024-09-19,Service,Low,ENG019
JOB000504,2026-02-02,Repair,Low,ENG015
JOB000505,2025-09-19,Repair,Critical,ENG003
JOB000506,2025-09-25,Installation,Medium,ENG022
JOB000507,2026-07-22,Repair,Critical,ENG029
JOB000508,2024-10-05,Installation,Medium,ENG003
JOB000509,2025-11-10,Repair,Low,ENG008
JOB000510,2025-08-20,Repair,Critical,ENG006
JOB000511,2022-06-12,Installation,Medium,ENG010
JOB000512,2024-09-24,Service,Low,ENG015
JOB000513,2025-03-26,Service,Low,ENG004
JOB000514,2026-04-20,Repair,Critical,ENG014
JOB000515,2026-07-29,Installation,Medium,ENG017
JOB000516,2025-08-07,Repair,Low,ENG005
JOB000517,2026-07-05,Installation,Medium,ENG020
JOB000518,2026-03-13,Service,Low,ENG019
JOB000519,2026-05-13,Installation,Medium,ENG010
JOB000520,2024-10-17,Service,Low,ENG024
JOB000521,2021-07-12,Installation,Medium,ENG017
JOB000522,2026-04-03,Service,Low,ENG002
JOB000523,2024-05-09,Installation,Medium,ENG021
JOB000524,2026-01-25,Installation,Medium,ENG019
JOB000525,2024-11-08,Service,Low,ENG022
JOB000526,2026-07-27,Repair,Critical,ENG005
JOB000527,2022-09-16,Installation,Medium,ENG002
JOB000528,2026-03-25,Repair,Low,ENG009
JOB000529,2025-10-22,Repair,Low,ENG013
JOB000530,2026-03-20,Repair,Critical,ENG009
JOB000531,2026-07-19,Repair,Critical,ENG022
JOB000532,2025-01-01,Installation,Medium,ENG001
JOB000533,2021-08-20,Installation,Medium,ENG030
JOB000534,2024-07-23,Installation,Medium,ENG002
JOB000535,2025-10-20,Repair,Low,ENG020
JOB000536,2025-10-14,Repair,Critical,ENG018
JOB000537,2024-04-08,Installation,Medium,ENG026
JOB000538,2024-02-02,Installation,Medium,ENG018
JOB000539,2026-01-06,Service,Low,ENG006
JOB000540,2025-12-18,Repair,Low,ENG012
JOB000541,2025-10-16,Installation,Medium,ENG008
JOB000542,2024-08-26,Service,Low,ENG018
JOB000543,2024-10-13,Service,Low,ENG030
JOB000544,2023-10-12,Installation,Medium,ENG020
JOB000545,2024-11-25,Service,Low,ENG013
JOB000546,2026-06-28,Repair,Low,ENG021
JOB000547,2025-03-12,Installation,Medium,ENG030
JOB000548,2026-05-20,Repair,High,ENG029
JOB000549,2026-08-04,Repair,Critical,ENG024
JOB000550,2025-11-19,Repair,Critical,ENG010
JOB000551,2026-03-17,Repair,Critical,ENG018
JOB000552,2025-12-17,Repair,High,ENG018
JOB000553,2021-01-24,Installation,Medium,ENG019
JOB000554,2025-12-18,Repair,High,ENG019
JOB000555,2025-10-13,Installation,Medium,ENG020
JOB000556,2025-10-05,Repair,Critical,ENG013
JOB000557,2021-07-23,Installation,Medium,ENG030
JOB000558,2026-05-30,Service,Low,ENG023
JOB000559,2026-02-14,Repair,High,ENG017
JOB000560,2026-06-03,Repair,High,ENG030
JOB000561,2026-05-13,Repair,High,ENG002
JOB000562,2021-02-13,Installation,Medium,ENG003
JOB000563,2025-11-23,Service,Low,ENG028
JOB000564,2025-11-05,Repair,Critical,ENG002
JOB000565,2026-02-16,Repair,Low,ENG025
JOB000566,2026-03-13,Repair,Low,ENG007
JOB000567,2025-08-30,Repair,Low,ENG026
JOB000568,2025-09-11,Repair,Critical,ENG024
JOB000569,2024-01-08,Installation,Medium,ENG008
JOB000570,2026-05-02,Service,Low,ENG011
JOB000571,2026-03-16,Repair,Medium,ENG026
JOB000572,2026-05-27,Repair,High,ENG015
JOB000573,2025-08-09,Repair,Critical,ENG007
JOB000574,2023-08-28,Installation,Medium,ENG026
JOB000575,2025-09-18,Service,Low,ENG028
JOB000576,2023-05-12,Installation,Medium,ENG028
JOB000577,2025-01-19,Service,Low,ENG011
JOB000578,2026-02-10,Service,Low,ENG009
JOB000579,2025-10-17,Repair,High,ENG017
JOB000580,2025-11-21,Repair,Critical,ENG027
JOB000581,2026-04-13,Installation,Medium,ENG029
JOB000582,2024-12-15,Service,Low,ENG016
JOB000583,2024-03-15,Installation,Medium,ENG023
JOB000584,2026-07-05,Service,Low,ENG026
JOB000585,2026-03-12,Service,Low,ENG027
JOB000586,2026-02-28,Repair,Low,ENG003
JOB000587,2026-08-01,Installation,Medium,ENG030
JOB000588,2024-08-07,Service,Low,ENG008
JOB000589,2026-05-12,Repair,High,ENG012
JOB000590,2025-09-11,Repair,Critical,ENG020
JOB000591,2026-07-28,Repair,Critical,ENG022
JOB000592,2025-10-26,Repair,High,ENG003
JOB000593,2024-11-05,Installation,Medium,ENG009
JOB000594,2026-07-19,Service,Low,ENG030
JOB000595,2025-08-30,Service,Low,ENG027
JOB000596,2025-11-11,Installation,Medium,ENG018
JOB000597,2026-05-27,Service,Low,ENG010
JOB000598,2026-02-04,Service,Low,ENG024
JOB000599,2026-02-04,Repair,Low,ENG021
JOB000600,2026-07-02,Installation,Medium,ENG022
JOB000601,2025-05-15,Service,Low,ENG013
JOB000602,2023-08-23,Installation,Medium,ENG019
JOB000603,2026-01-28,Service,Low,ENG010
JOB000604,2024-12-08,Installation,Medium,ENG004
JOB000605,2025-11-04,Service,Low,ENG006
JOB000606,2025-10-14,Repair,Critical,ENG010
JOB000607,2019-04-09,Installation,Medium,ENG020
JOB000608,2025-07-11,Service,Low,ENG018
JOB000609,2026-01-09,Service,Low,ENG012
JOB000610,2025-09-14,Repair,Low,ENG027
JOB000611,2020-06-21,Installation,Medium,ENG024
JOB000612,2025-10-13,Repair,Low,ENG024
JOB000613,2022-11-14,Installation,Medium,ENG003
JOB000614,2026-05-14,Service,Low,ENG011
JOB000615,2025-05-06,Service,Low,ENG007
JOB000616,2023-10-11,Installation,Medium,ENG016
JOB000617,2025-05-25,Service,Low,ENG027
JOB000618,2026-03-07,Installation,Medium,ENG007
JOB000619,2026-01-15,Repair,High,ENG020
JOB000620,2025-10-26,Repair,Low,ENG029
JOB000621,2026-02-19,Repair,Low,ENG020
JOB000622,2019-06-15,Installation,Medium,ENG004
JOB000623,2025-01-27,Service,Low,ENG011
JOB000624,2026-01-09,Repair,High,ENG020
JOB000625,2025-09-16,Repair,Low,ENG029
JOB000626,2026-05-26,Repair,Critical,ENG014
JOB000627,2025-07-12,Installation,Medium,ENG014
JOB000628,2025-04-05,Service,Low,ENG029
JOB000629,2024-11-08,Service,Low,ENG020
JOB000630,2026-01-31,Repair,High,ENG030
JOB000631,2025-09-15,Repair,Low,ENG006
JOB000632,2020-10-16,Installation,Medium,ENG002
JOB000633,2025-09-11,Service,Low,ENG004
JOB000634,2024-11-17,Service,Low,ENG002
JOB000635,2024-08-02,Installation,Medium,ENG021
JOB000636,2026-02-12,Repair,High,ENG003
JOB000637,2022-06-19,Installation,Medium,ENG014
JOB000638,2026-03-19,Service,Low,ENG001
JOB000639,2025-05-11,Service,Low,ENG004
JOB000640,2026-05-04,Repair,High,ENG014
JOB000641,2023-11-20,Installation,Medium,ENG023
JOB000642,2025-03-15,Service,Low,ENG008
JOB000643,2026-03-08,Repair,High,ENG019
JOB000644,2023-01-09,Installation,Medium,ENG003
JOB000645,2026-02-15,Service,Low,ENG020
JOB000646,2025-08-19,Repair,Critical,ENG024
JOB000647,2026-05-15,Installation,Medium,ENG011
JOB000648,2024-10-06,Service,Low,ENG016
JOB000649,2025-04-15,Service,Low,ENG023
JOB000650,2024-02-18,Installation,Medium,ENG029
JOB000651,2025-08-22,Service,Low,ENG006
JOB000652,2025-09-17,Repair,Low,ENG004
JOB000653,2025-12-31,Repair,Critical,ENG019
JOB000654,2025-11-22,Repair,Low,ENG009
JOB000655,2026-01-28,Repair,Low,ENG014
JOB000656,2026-03-25,Repair,High,ENG007
JOB000657,2026-04-25,Installation,Medium,ENG029
JOB000658,2026-02-26,Service,Low,ENG021
JOB000659,2025-12-03,Repair,Critical,ENG012
JOB000660,2023-12-14,Installation,Medium,ENG019
JOB000661,2026-04-27,Repair,High,ENG025
JOB000662,2026-02-24,Installation,Medium,ENG005
JOB000663,2026-06-26,Repair,High,ENG011
JOB000664,2019-10-04,Installation,Medium,ENG013
JOB000665,2025-07-14,Service,Low,ENG023
JOB000666,2021-11-21,Installation,Medium,ENG027
JOB000667,2025-01-26,Service,Low,ENG015
JOB000668,2025-10-08,Service,Low,ENG018
JOB000669,2026-01-09,Repair,High,ENG025
JOB000670,2023-07-09,Installation,Medium,ENG012
JOB000671,2025-11-24,Repair,High,ENG030
JOB000672,2025-02-01,Installation,Medium,ENG009
JOB000673,2026-07-02,Repair,Critical,ENG016
JOB000674,2026-01-17,Repair,Low,ENG029
JOB000675,2025-10-16,Repair,High,ENG002
JOB000676,2025-05-13,Installation,Medium,ENG022
JOB000677,2026-05-31,Service,Low,ENG006
JOB000678,2024-09-27,Service,Low,ENG022
JOB000679,2022-04-18,Installation,Medium,ENG017
JOB000680,2026-07-17,Repair,Medium,ENG012
JOB000681,2026-06-26,Repair,High,ENG030
JOB000682,2026-07-25,Installation,Medium,ENG012
JOB000683,2026-06-11,Repair,High,ENG024
JOB000684,2024-02-11,Installation,Medium,ENG007
JOB000685,2025-08-08,Service,Low,ENG009
JOB000686,2026-08-03,Repair,High,ENG012
JOB000687,2021-07-31,Installation,Medium,ENG012
JOB000688,2026-01-13,Service,Low,ENG026
JOB000689,2025-05-16,Service,Low,ENG003
JOB000690,2025-10-12,Repair,Medium,ENG030
JOB000691,2025-08-08,Repair,Critical,ENG019
JOB000692,2024-06-08,Installation,Medium,ENG011
JOB000693,2026-01-09,Service,Low,ENG029
JOB000694,2025-08-20,Service,Low,ENG006
JOB000695,2026-04-22,Repair,Low,ENG015
JOB000696,2025-09-13,Repair,High,ENG020
JOB000697,2024-12-06,Installation,Medium,ENG013
JOB000698,2024-01-10,Installation,Medium,ENG022
JOB000699,2026-01-04,Repair,Low,ENG026
JOB000700,2020-02-09,Installation,Medium,ENG014
JOB000701,2025-07-10,Service,Low,ENG008
JOB000702,2025-09-13,Service,Low,ENG006
JOB000703,2026-04-16,Repair,Critical,ENG027
JOB000704,2026-07-23,Installation,Medium,ENG029
JOB000705,2026-01-11,Service,Low,ENG024
JOB000706,2024-10-09,Service,Low,ENG012
JOB000707,2025-12-31,Installation,Medium,ENG013
JOB000708,2024-11-04,Service,Low,ENG008
JOB000709,2024-11-23,Service,Low,ENG007
JOB000710,2026-01-04,Repair,Critical,ENG014
