customer_id,customer_name,boiler_history,boiler_company,registration_date,have_insurance
CUST00001,Caroline Bryant,No,,2017-02-12,Yes
CUST00002,Dr Jake Butler,No,,2020-12-13,No
CUST00003,Roy Frost,Yes,Ideal,2026-05-21,No
CUST00004,Dr Joyce Middleton,No,,2017-04-16,Yes
CUST00005,Martin Williams-Hunter,No,,2024-05-30,No
CUST00006,Mr Samuel White,No,,2022-01-27,Yes
CUST00007,Kenneth Evans,Yes,Ideal,2019-09-07,No
CUST00008,Dennis Jones-Reed,No,,2020-09-11,Yes
CUST00009,Joyce Jackson-Jones,No,,2020-09-23,No
CUST00010,Elizabeth Atkinson,No,,2020-11-13,No
CUST00011,Patrick Robinson,Yes,Vaillant,2025-07-07,Yes
CUST00012,Julia Harris,Yes,Ideal,2017-05-13,No
CUST00013,Marilyn Clark-Collins,No,,2017-06-19,Yes
CUST00014,Ashleigh Miller,Yes,Ideal,2020-10-24,No
CUST00015,Robert John,Yes,Vaillant,2026-04-07,No
CUST00016,Tracy Harper,No,,2025-12-24,No
CUST00017,Julian Hammond-Barnes,No,,2021-05-26,Yes
CUST00018,Rachel Hammond-Thompson,No,,2019-02-15,Yes
CUST00019,Reece Hewitt-Knight,Yes,Vaillant,2021-10-06,No
CUST00020,Hazel Lee,No,,2018-02-22,No
CUST00021,Katie Turner-Williams,No,,2024-02-11,Yes
CUST00022,Dr Dawn Adams,No,,2022-03-15,No
CUST00023,Dr Douglas Mason,No,,2018-07-25,No
CUST00024,Ross Carter,Yes,Worcester Bosch,2025-01-26,No
CUST00025,Jason Kemp-Brown,Yes,Baxi,2020-08-29,Yes
CUST00026,Barry Allan-Jones,No,,2025-04-01,No
CUST00027,Mr Ashley Clements,Yes,Worcester Bosch,2018-11-30,Yes
CUST00028,Mr Francis Powell,Yes,Baxi,2024-12-02,Yes
CUST00029,Ms Chelsea Thomas,No,,2026-04-27,No
CUST00030,Mr Gerald Spencer,No,,2022-03-28,Yes
CUST00031,Simon Barton,No,,2023-05-09,No
CUST00032,Vanessa Richardson,No,,2017-10-03,Yes
CUST00033,Gemma Duncan,No,,2021-09-07,Yes
CUST00034,Maurice James,Yes,Ideal,2023-08-08,No
CUST00035,Stanley Smith,No,,2020-07-16,No
CUST00036,Miss Frances Hunt,Yes,Ideal,2024-02-08,No
CUST00037,Miss Diana Harris,No,,2026-04-27,Yes
CUST00038,Ellie Bates,Yes,Vaillant,2022-08-02,No
CUST00039,Gary Green-Harris,No,,2022-10-19,Yes
CUST00040,Mr Scott Johnston,Yes,Vaillant,2021-03-24,No
CUST00041,Mrs Andrea Brown,Yes,Worcester Bosch,2026-01-27,No
CUST00042,James Bibi,No,,2020-07-26,No
CUST00043,Karen Rogers,Yes,Ideal,2018-12-20,Yes
CUST00044,Ms Lynne Waters,Yes,Vaillant,2025-10-12,Yes
CUST00045,Amelia Owen,Yes,Ideal,2022-10-05,Yes
CUST00046,Stanley Anderson,No,,2020-03-13,No
CUST00047,Francesca Stevens,No,,2026-01-07,Yes
CUST00048,Mr William Benson,Yes,Baxi,2020-11-08,Yes
CUST00049,Samantha Cox,No,,2021-02-07,Yes
CUST00050,Jamie Harding,No,,2024-04-12,Yes
CUST00051,Ross Ford,Yes,Viessmann,2018-06-05,No
CUST00052,Ben Palmer,Yes,Ideal,2026-07-20,No
CUST00053,Chelsea Cook,No,,2024-04-09,Yes
CUST00054,Frank Rice,Yes,Glow-worm,2019-03-10,Yes
CUST00055,Roger Davies,Yes,Baxi,2026-02-22,Yes
CUST00056,Ann Moss,No,,2025-03-22,Yes
CUST00057,Mr Leon Murray,Yes,Glow-worm,2023-11-22,Yes
CUST00058,Hugh Matthews,Yes,Vaillant,2019-01-11,Yes
CUST00059,Maureen O'Donnell-Swift,Yes,Baxi,2022-11-20,No
CUST00060,Leon Williams,Yes,Worcester Bosch,2023-10-21,No
CUST00061,Brett Herbert,No,,2024-11-13,No
CUST00062,Maureen O'Neill-Stephenson,Yes,Viessmann,2020-12-08,No
CUST00063,Mrs Fiona Woodward,Yes,Worcester Bosch,2017-04-23,No
CUST00064,Rosie Nicholls,Yes,Vaillant,2022-02-12,Yes
CUST00065,Miss Judith Morton,Yes,Ideal,2017-12-05,No
CUST00066,Sandra Coleman-Gould,No,,2019-01-30,No
CUST00067,Elliott Fleming,No,,2026-03-12,Yes
CUST00068,Dr Bryan George,No,,2021-09-28,No
CUST00069,Jordan Richards,Yes,Ideal,2017-11-23,Yes
CUST00070,Emma Price,Yes,Baxi,2025-02-13,No
CUST00071,Jason Evans,No,,2025-06-26,No
CUST00072,Ashleigh Davies,No,,2022-03-14,Yes
CUST00073,Miss Jill Harrison,Yes,Ideal,2018-12-30,No
CUST00074,Josephine Davies,Yes,Vaillant,2025-07-18,Yes
CUST00075,Ann Hamilton,Yes,Worcester Bosch,2020-06-11,No
CUST00076,Gerald Thomas-Hargreaves,Yes,Viessmann,2019-05-29,No
CUST00077,Mr Jeffrey Davies,No,,2024-07-27,Yes
CUST00078,Mr Josh Khan,Yes,Viessmann,2019-05-07,No
CUST00079,Mr Barry Patterson,No,,2018-01-07,No
CUST00080,Miss Elaine Cooper,No,,2017-06-30,No
CUST00081,Dawn Bell,No,,2018-12-07,Yes
CUST00082,Sharon Parry,Yes,Baxi,2020-12-11,No
CUST00083,Dr Charlotte Griffiths,Yes,Worcester Bosch,2020-08-24,Yes
CUST00084,Jemma Fletcher,Yes,Worcester Bosch,2022-08-05,No
CUST00085,Mark Black,No,,2025-03-24,No
CUST00086,Hugh Johnson-Vaughan,Yes,Ideal,2020-09-10,No
CUST00087,Shane Mistry-Barker,No,,2024-06-30,No
CUST00088,Molly Matthews-Sharp,Yes,Baxi,2021-12-17,Yes
CUST00089,Dr Beverley Lawrence,No,,2022-11-07,No
CUST00090,Alexandra Foster,Yes,Worcester Bosch,2023-10-24,No
CUST00091,Beth Williams,No,,2023-11-03,No
CUST00092,Ms Lauren Wilkins,Yes,Vaillant,2023-07-03,Yes
CUST00093,Martin Davies,No,,2017-02-21,No
CUST00094,Miss Catherine Hunt,Yes,Ideal,2023-05-13,Yes
CUST00095,Irene Hussain,Yes,Vaillant,2024-03-08,No
CUST00096,Ryan Walton-Harris,Yes,Vaillant,2022-07-02,Yes
CUST00097,Mandy Payne,No,,2018-12-14,Yes
CUST00098,Shane Carey-Hilton,Yes,Ideal,2023-05-14,Yes
CUST00099,Billy Clayton,No,,2025-12-20,Yes
CUST00100,Ms Debra May,No,,2019-05-07,Yes
CUST00101,Vincent Green,Yes,Glow-worm,2021-09-28,No
CUST00102,Mr Simon Thomas,No,,2017-04-16,No
CUST00103,Terry Kaur,Yes,Vaillant,2017-02-08,No
CUST00104,Gavin Jones,No,,2019-04-13,Yes
CUST00105,Leonard Whitehouse,Yes,Viessmann,2022-11-23,Yes
CUST00106,Dr Harry Hunt,No,,2023-02-16,No
CUST00107,Rachael Brown-Harding,No,,2025-01-28,Yes
CUST00108,Sara Bailey-Dean,No,,2024-08-06,Yes
CUST00109,Paula Fisher,No,,2026-02-24,No
CUST00110,Sophie North,Yes,Baxi,2018-08-12,No
CUST00111,Karen Khan,Yes,Vaillant,2017-04-11,Yes
CUST00112,Lynn Scott,Yes,Glow-worm,2022-01-04,No
CUST00113,Mr Jeffrey Fry,No,,2024-09-01,No
CUST00114,Geoffrey Atkinson,No,,2026-06-07,Yes
CUST00115,Julie Williams,Yes,Ideal,2018-06-17,No
CUST00116,Stuart Moore,Yes,Worcester Bosch,2018-12-10,Yes
CUST00117,Maurice Graham,No,,2022-08-14,No
CUST00118,Dawn Cole-Marshall,No,,2020-06-01,No
CUST00119,Dr Debra Watson,No,,2025-10-31,Yes
CUST00120,Sara Dixon,Yes,Glow-worm,2020-03-25,Yes
CUST00121,Carol Ali,No,,2020-07-20,Yes
CUST00122,Victor Ryan,Yes,Glow-worm,2024-09-06,No
CUST00123,Lynne Young,No,,2017-03-23,Yes
CUST00124,Alexander Murray,Yes,Glow-worm,2026-04-03,Yes
CUST00125,Ms Fiona Brooks,No,,2018-07-04,Yes
CUST00126,Dr Douglas Mills,No,,2023-06-28,Yes
CUST00127,Ms Rosemary Mitchell,Yes,Baxi,2021-01-10,No
CUST00128,Tracy Stevenson-Kerr,No,,2024-07-04,No
CUST00129,Marilyn Gould,Yes,Baxi,2020-04-26,Yes
CUST00130,Francis Hill,Yes,Viessmann,2017-12-25,No
CUST00131,Dr Amy Davies,No,,2019-05-23,No
CUST00132,Lawrence Tomlinson,No,,2023-08-29,No
CUST00133,Kirsty Ward,Yes,Viessmann,2017-10-31,No
CUST00134,Dr Rosemary Taylor,No,,2023-09-29,Yes
CUST00135,Philip Wood,Yes,Baxi,2023-04-12,No
CUST00136,Kyle Nash,No,,2020-10-19,No
CUST00137,Clifford Davies,No,,2017-02-28,No
CUST00138,Lynda Turner,No,,2017-07-20,Yes
CUST00139,Chelsea Hodgson,No,,2025-06-16,No
CUST00140,Gavin Miles-Hodgson,No,,2022-01-05,No
CUST00141,Ms Georgina Smith,Yes,Worcester Bosch,2023-08-12,Yes
CUST00142,Josh Gibbs,No,,2023-01-03,No
CUST00143,Barbara Hunt,No,,2016-11-07,Yes
CUST00144,Dr Brenda Brooks,No,,2021-05-28,No
CUST00145,Miss Chelsea Thomas,No,,2020-01-18,Yes
CUST00146,Ms Rachael Walton,Yes,Vaillant,2020-07-03,Yes
CUST00147,Colin Bell,Yes,Worcester Bosch,2025-11-21,No
CUST00148,Carolyn Hayes,Yes,Ideal,2020-07-12,Yes
CUST00149,Julie Hill,No,,2023-08-03,No
CUST00150,Keith Smith,Yes,Glow-worm,2018-03-25,No
CUST00151,Nathan Hodgson-Finch,Yes,Ideal,2020-09-23,No
CUST00152,Graham Barlow-Brady,No,,2016-10-01,No
CUST00153,Barry Parker,No,,2026-03-26,No
CUST00154,Andrea Murray,No,,2026-07-30,Yes
CUST00155,Mr Leigh Wood,No,,2023-02-14,No
CUST00156,Dr Stephen Thomson,No,,2023-05-05,No
CUST00157,Rosie Harris,Yes,Glow-worm,2023-01-21,Yes
CUST00158,Sarah Hewitt,No,,2018-05-28,No
CUST00159,Douglas Miles,Yes,Vaillant,2026-01-24,Yes
CUST00160,Dr Patricia Wood,Yes,Baxi,2021-07-22,No
CUST00161,Liam Collins,No,,2021-02-26,Yes
CUST00162,Mohammad Chapman,Yes,Baxi,2025-01-09,Yes
CUST00163,Dr Gail Simpson,Yes,Ideal,2024-01-30,No
CUST00164,Denis Parkinson-Morgan,Yes,Baxi,2021-07-19,No
CUST00165,Bethan Read,No,,2025-11-15,Yes
CUST00166,Ellie Stokes,Yes,Ideal,2025-01-31,No
CUST00167,Dr Teresa Sims,Yes,Worcester Bosch,2026-06-30,No
CUST00168,Brandon Davies,Yes,Worcester Bosch,2017-05-06,No
CUST00169,Gregory Holmes,No,,2025-06-01,Yes
CUST00170,Lee Harris,No,,2017-01-03,No
CUST00171,Clive Jones,Yes,Vaillant,2025-06-16,Yes
CUST00172,Jake Begum,Yes,Worcester Bosch,2018-06-14,No
CUST00173,Colin Birch,No,,2023-06-25,No
CUST00174,Kenneth Martin-Mitchell,Yes,Glow-worm,2016-08-31,Yes
CUST00175,Duncan Hill,Yes,Baxi,2021-01-20,No
CUST00176,Dr Mohammad Wright,Yes,Worcester Bosch,2019-07-12,No
CUST00177,Gordon Fletcher,Yes,Vaillant,2018-12-30,Yes
CUST00178,Lucy McLean,No,,2021-07-03,Yes
CUST00179,Toby Hughes,Yes,Worcester Bosch,2026-02-22,Yes
CUST00180,Christine Robertson-Powell,Yes,Worcester Bosch,2020-05-05,Yes
CUST00181,Mr Gerald Kaur,No,,2025-10-24,Yes
CUST00182,Mr Terence Kelly,Yes,Glow-worm,2024-01-23,No
CUST00183,Clive Kent,Yes,Worcester Bosch,2017-08-07,Yes
CUST00184,Dr Robert Chambers,Yes,Baxi,2018-11-24,Yes
CUST00185,Aaron Johnson,Yes,Vaillant,2026-05-31,Yes
CUST00186,David Taylor,No,,2022-02-27,Yes
CUST00187,Mr Louis Phillips,Yes,Ideal,2023-11-25,No
CUST00188,Aimee Leonard,Yes,Worcester Bosch,2017-05-16,Yes
CUST00189,Valerie Green,No,,2021-09-22,No
CUST00190,Bruce Mitchell-Mahmood,No,,2021-10-15,No
CUST00191,Maurice Williams,No,,2020-06-09,Yes
CUST00192,Jane Webb,No,,2023-02-09,Yes
CUST00193,Christopher Morrison,No,,2025-08-13,Yes
CUST00194,Diane Mitchell,No,,2018-01-24,Yes
CUST00195,Julia Foster,No,,2018-01-09,No
CUST00196,Lynn Harris,No,,2025-04-05,No
CUST00197,Thomas Scott,Yes,Glow-worm,2017-10-19,No
CUST00198,Joshua Brown,No,,2016-11-15,No
CUST00199,Frances Wilkinson,Yes,Vaillant,2023-06-08,Yes
CUST00200,Mrs Denise Harrison,Yes,Ideal,2022-02-24,Yes
CUST00201,Hugh Cox,No,,2021-11-07,Yes
CUST00202,Dr Jake Patel,Yes,Vaillant,2025-05-22,No
CUST00203,Carly Johnson-Hughes,No,,2017-09-04,Yes
CUST00204,Kevin Wilson,Yes,Viessmann,2026-05-10,No
CUST00205,Karen Fisher,Yes,Ideal,2019-02-22,Yes
CUST00206,Christian Baldwin,Yes,Baxi,2017-11-30,Yes
CUST00207,Dr Ben Hopkins,Yes,Baxi,2021-05-24,No
CUST00208,Louis Turner,Yes,Baxi,2022-11-09,No
CUST00209,Mrs Lydia Patel,No,,2016-10-02,Yes
CUST00210,Olivia Green,Yes,Baxi,2017-08-11,Yes
CUST00211,Glen Farmer,Yes,Ideal,2017-11-11,Yes
CUST00212,Lisa Curtis,No,,2021-03-20,No
CUST00213,Antony Arnold,No,,2018-08-24,No
CUST00214,Mr Raymond Lee,No,,2021-10-07,Yes
CUST00215,Angela Holland-Ahmed,Yes,Ideal,2021-09-03,No
CUST00216,Mr Gary Ryan,No,,2017-08-22,Yes
CUST00217,Mr Jordan Franklin,Yes,Ideal,2024-02-19,Yes
CUST00218,Janice Richardson,Yes,Ideal,2025-01-11,Yes
CUST00219,Sean Morley,Yes,Viessmann,2020-10-09,No
CUST00220,Vanessa Turner,Yes,Worcester Bosch,2025-07-15,Yes
CUST00221,Shaun McCarthy,No,,2026-03-19,No
CUST00222,Ms Tracy Spencer,No,,2025-08-06,Yes
CUST00223,Elaine Wright,No,,2019-07-19,No
CUST00224,Mandy Freeman,No,,2026-03-04,Yes
CUST00225,David Fry,Yes,Ideal,2025-07-19,Yes
CUST00226,Mr Marcus Taylor,No,,2019-01-01,Yes
CUST00227,Charlie James-Hunt,No,,2019-04-09,Yes
CUST00228,Leigh Harris-Williamson,No,,2021-10-23,No
CUST00229,Lawrence Webb,No,,2020-05-07,No
CUST00230,Dr Francis Brown,No,,2018-02-06,Yes
CUST00231,Rhys Morgan-Young,No,,2024-01-18,No
CUST00232,Kimberley Ford,Yes,Baxi,2020-06-05,No
CUST00233,Lisa Kaur,No,,2022-12-24,Yes
CUST00234,Margaret Spencer,Yes,Glow-worm,2023-12-24,No
CUST00235,Henry Gray,Yes,Vaillant,2023-04-11,No
CUST00236,Clare Thompson,Yes,Ideal,2018-03-29,Yes
CUST00237,Sian Dunn,Yes,Glow-worm,2021-02-05,No
CUST00238,Wendy Armstrong,Yes,Glow-worm,2021-01-26,Yes
CUST00239,Dr Jemma Wallace,No,,2025-06-25,No
CUST00240,Rosemary Lord,No,,2019-02-06,Yes
CUST00241,Dr Sam Walker,Yes,Glow-worm,2019-02-08,No
CUST00242,Dr William Carroll,Yes,Ideal,2016-10-19,No
CUST00243,Norman Allen,Yes,Worcester Bosch,2023-02-09,No
CUST00244,Andrea Ball,No,,2023-06-05,Yes
CUST00245,Dr Dean White,No,,2022-05-04,Yes
CUST00246,Brandon Archer,Yes,Vaillant,2023-09-06,Yes
CUST00247,Ms Marian Shaw,No,,2025-03-19,No
CUST00248,Ms Valerie Chan,No,,2017-06-14,No
CUST00249,Jenna Fox,No,,2024-03-06,Yes
CUST00250,Jemma Porter,No,,2017-06-08,Yes
CUST00251,Gary Miah,Yes,Glow-worm,2016-09-28,No
CUST00252,Joan Atkins,No,,2020-11-16,No
CUST00253,Amelia Griffiths-Collins,No,,2021-05-26,No
CUST00254,Mr Matthew Nelson,Yes,Ideal,2025-05-23,No
CUST00255,Mrs Eileen Walters,No,,2023-06-23,No
CUST00256,Mr Hugh Hawkins,No,,2021-09-12,Yes
CUST00257,Samuel Morton,No,,2022-04-20,Yes
CUST00258,Richard Taylor,Yes,Worcester Bosch,2018-08-05,No
CUST00259,Caroline Ward,No,,2019-02-26,No
CUST00260,Mrs Sarah Price,No,,2019-08-07,No
CUST00261,Dr Marilyn Cooper,Yes,Glow-worm,2023-11-24,No
CUST00262,Rita Hawkins,Yes,Vaillant,2020-10-28,Yes
CUST00263,Donna Murphy-Reynolds,Yes,Glow-worm,2017-05-15,Yes
CUST00264,Pauline Wilson,Yes,Vaillant,2023-06-15,No
CUST00265,Mr Joel Turner,No,,2020-12-10,No
CUST00266,Jenna Campbell-Martin,Yes,Viessmann,2025-11-25,No
CUST00267,Mrs Kathryn Edwards,No,,2018-12-04,Yes
CUST00268,Mr Antony Campbell,No,,2021-01-24,Yes
CUST00269,Hollie Archer,No,,2016-08-21,No
CUST00270,Sean Pritchard,Yes,Vaillant,2020-07-10,Yes
CUST00271,Mr Christopher Davis,Yes,Ideal,2018-03-17,Yes
CUST00272,Amy Matthews,No,,2022-06-03,No
CUST00273,Mr Lee Sanderson,Yes,Viessmann,2017-08-03,No
CUST00274,Norman Clark,Yes,Viessmann,2018-10-24,No
CUST00275,Hollie Wong,Yes,Vaillant,2026-03-15,No
CUST00276,Sian McDonald,Yes,Glow-worm,2017-07-09,No
CUST00277,Tina Wilson,Yes,Viessmann,2021-04-28,No
CUST00278,Charles Iqbal,No,,2025-01-26,Yes
CUST00279,Mr Josh Robson,No,,2016-08-05,No
CUST00280,Dr Roger Moore,Yes,Glow-worm,2020-05-20,No
CUST00281,Dr Henry Bishop,No,,2022-08-19,No
CUST00282,Elizabeth Begum,Yes,Ideal,2019-12-04,Yes
CUST00283,Dr Bernard Slater,No,,2018-09-08,No
CUST00284,Mr Denis Whitehead,Yes,Glow-worm,2025-03-28,No
CUST00285,Denis Carter,Yes,Vaillant,2023-09-18,No
CUST00286,Diana French-Sinclair,Yes,Glow-worm,2025-04-22,No
CUST00287,Mathew Garner,Yes,Worcester Bosch,2019-08-13,Yes
CUST00288,Vincent Hussain,No,,2023-09-11,No
CUST00289,Wendy Banks,Yes,Ideal,2017-07-21,No
CUST00290,Cheryl Taylor,Yes,Viessmann,2024-04-16,No
CUST00291,Dr Amelia Webster,No,,2023-01-31,Yes
CUST00292,Mr Lewis Harris,Yes,Viessmann,2022-11-06,No
CUST00293,Amanda Jackson,No,,2021-01-31,No
CUST00294,Dr Duncan Pearson,No,,2017-06-16,Yes
CUST00295,Mr Gavin Freeman,No,,2017-10-01,Yes
CUST00296,Dr Leonard West,Yes,Ideal,2020-04-22,Yes
CUST00297,Shaun Palmer,No,,2017-04-08,No
CUST00298,Norman Thomas,Yes,Viessmann,2025-03-31,Yes
CUST00299,Hollie Johnson,No,,2017-09-14,No
CUST00300,Tracey Ford,No,,2022-03-27,No
CUST00301,Miss Julie McCarthy,Yes,Viessmann,2023-06-22,Yes
CUST00302,Amelia Atkins-Hopkins,No,,2018-05-25,No
CUST00303,Dr Elliott Connor,Yes,Ideal,2023-03-30,No
CUST00304,Henry May,No,,2023-04-18,Yes
CUST00305,Cheryl Lee,Yes,Vaillant,2019-09-21,Yes
CUST00306,Carol Chapman-Jackson,No,,2017-09-26,No
CUST00307,Dr Kimberley Mills,No,,2019-11-19,No
CUST00308,Natalie Ellis,Yes,Glow-worm,2021-12-02,Yes
CUST00309,Martyn Griffiths,No,,2021-10-15,Yes
CUST00310,Ian Norman-Baker,Yes,Worcester Bosch,2017-11-22,Yes
CUST00311,Damian Lambert,No,,2025-11-02,No
CUST00312,Miss Lynda Boyle,Yes,Glow-worm,2018-02-17,No
CUST00313,Cameron Singh-Thomas,Yes,Baxi,2019-01-29,No
CUST00314,Dr Carole Wallace,No,,2022-09-26,Yes
CUST00315,Dr Shannon Fox,No,,2019-07-20,No
CUST00316,Dr Josh Bailey,No,,2024-11-15,Yes
CUST00317,Paula Foster,No,,2019-10-09,Yes
CUST00318,Jonathan Miah,Yes,Viessmann,2020-03-05,Yes
CUST00319,Jemma Kennedy,Yes,Glow-worm,2025-04-24,No
CUST00320,Rosemary Jenkins,Yes,Viessmann,2018-01-18,Yes
CUST00321,Jennifer Wood-Ward,Yes,Vaillant,2025-04-13,No
CUST00322,Howard Richardson,No,,2020-01-13,No
CUST00323,Gary Poole,No,,2024-10-17,No
CUST00324,Dr Karl Dodd,No,,2020-06-29,No
CUST00325,Abbie Hawkins-Hanson,No,,2018-01-06,No
CUST00326,Charles Hanson-Dean,Yes,Vaillant,2020-02-01,No
CUST00327,Joe Mitchell,Yes,Ideal,2021-04-12,No
CUST00328,Kyle Russell,No,,2021-10-22,No
CUST00329,Miss Harriet Flynn,No,,2025-03-28,Yes
CUST00330,Charlotte Smith,Yes,Vaillant,2023-12-31,Yes
CUST00331,Joel Tomlinson-Griffin,No,,2021-06-19,Yes
CUST00332,Damien Barnes,No,,2025-04-11,No
CUST00333,Joe Stevenson,Yes,Glow-worm,2022-08-07,No
CUST00334,Katy Robson,Yes,Baxi,2021-04-18,No
CUST00335,Sean Cook,Yes,Glow-worm,2017-10-27,No
CUST00336,Dr Maurice Hall,No,,2022-05-15,No
CUST00337,Dr Russell Nolan,Yes,Glow-worm,2020-07-02,Yes
CUST00338,Charles Ingram,No,,2019-08-18,No
CUST00339,Pauline Howell,No,,2021-02-08,No
CUST00340,Jodie Hyde,Yes,Viessmann,2025-10-20,No
CUST00341,Mr Richard Carey,Yes,Baxi,2020-05-15,Yes
CUST00342,Charles Conway,No,,2025-05-29,Yes
CUST00343,Wayne Smith,Yes,Worcester Bosch,2019-10-10,No
CUST00344,Dr Olivia Price,Yes,Viessmann,2022-12-04,No
CUST00345,Anne Roberts,No,,2023-01-26,No
CUST00346,Charles Thornton,No,,2025-05-21,No
CUST00347,Dr Frank Bryant,Yes,Worcester Bosch,2020-04-03,Yes
CUST00348,Chelsea O'Neill,No,,2022-06-12,Yes
CUST00349,Francis Ball,Yes,Glow-worm,2025-04-10,Yes
CUST00350,Mrs Hannah Marsden,Yes,Viessmann,2026-04-26,Yes
CUST00351,Eric Carroll,No,,2026-07-29,Yes
CUST00352,Charlotte Cross,No,,2018-05-06,Yes
CUST00353,Jill Begum,Yes,Vaillant,2019-03-26,Yes
CUST00354,Christine Adams,No,,2019-06-30,No
CUST00355,Mathew Williamson-Anderson,No,,2018-11-21,No
CUST00356,Carl Owen,No,,2018-02-11,No
CUST00357,Vincent Bailey,Yes,Vaillant,2021-06-20,No
CUST00358,Ms Chelsea Young,No,,2025-12-01,No
CUST00359,Trevor Lewis,Yes,Glow-worm,2023-10-10,Yes
CUST00360,Frances Murphy,Yes,Vaillant,2021-07-08,Yes
CUST00361,Jane Bird,No,,2016-12-19,Yes
CUST00362,Miss Rachael Turner,Yes,Ideal,2022-05-29,Yes
CUST00363,George Lucas,No,,2025-10-31,No
CUST00364,Andrew Ryan-Newman,No,,2020-10-17,Yes
CUST00365,Henry Reynolds-Smith,No,,2017-04-23,Yes
CUST00366,Mrs Jennifer James,No,,2023-12-23,Yes
CUST00367,Joel Nash-Welch,Yes,Vaillant,2024-09-04,Yes
CUST00368,Mr Philip Jones,No,,2025-09-18,No
CUST00369,Nicola Jones-Williams,Yes,Viessmann,2018-11-19,Yes
CUST00370,Abbie Austin-Naylor,Yes,Ideal,2024-07-23,Yes
CUST00371,Ms Julie Bibi,No,,2025-03-13,Yes
CUST00372,Maurice Stephenson,Yes,Viessmann,2019-10-27,Yes
CUST00373,Emily Carpenter,No,,2017-09-22,No
CUST00374,Duncan Carey,Yes,Viessmann,2023-03-15,Yes
CUST00375,Mr Donald Roberts,No,,2024-12-13,No
CUST00376,Deborah Lee,Yes,Vaillant,2025-08-04,Yes
CUST00377,Hugh Smith,Yes,Viessmann,2019-11-17,No
CUST00378,Jennifer James,Yes,Vaillant,2023-11-09,No
CUST00379,Miss Chelsea Miller,No,,2025-12-13,Yes
CUST00380,Scott Evans-Price,No,,2025-12-14,No
CUST00381,Bethany Davis,No,,2021-09-13,Yes
CUST00382,Holly Owen,No,,2019-04-01,Yes
CUST00383,Ian Wood-James,No,,2020-04-16,Yes
CUST00384,Dr Clive Shaw,No,,2017-07-17,No
CUST00385,Ms Maureen Kerr,Yes,Glow-worm,2017-04-16,No
CUST00386,Lynn Kennedy-Holt,Yes,Ideal,2023-12-09,Yes
CUST00387,Mr Cameron Moore,Yes,Baxi,2018-10-23,No
CUST00388,Victoria Davies,No,,2026-05-23,Yes
CUST00389,Dr Dorothy Lane,No,,2019-06-21,Yes
CUST00390,Liam Taylor,No,,2020-09-22,No
CUST00391,Sara Kelly,No,,2022-03-28,Yes
CUST00392,Pamela Thompson,No,,2025-07-21,No
CUST00393,Barry Adams,No,,2023-03-15,No
CUST00394,Dr Hilary Hill,Yes,Vaillant,2018-04-14,No
CUST00395,Ms Julie Ward,No,,2024-12-04,No
CUST00396,Mrs Ashleigh Wells,No,,2020-12-22,No
CUST00397,Ms Jemma Gould,No,,2020-06-17,No
CUST00398,Mathew Richardson,No,,2018-12-13,No
CUST00399,Ashleigh Ashton,No,,2021-12-28,No
CUST00400,Stanley McDonald,Yes,Glow-worm,2021-10-01,Yes
CUST00401,Connor Anderson,No,,2026-03-28,Yes
CUST00402,Georgina Hughes,No,,2022-12-14,No
CUST00403,Albert Scott-Reed,No,,2020-05-17,Yes
CUST00404,Mr Leon Newman,Yes,Viessmann,2023-06-24,Yes
CUST00405,Max Byrne,Yes,Ideal,2020-10-08,No
CUST00406,Jake Oliver,No,,2021-06-15,No
CUST00407,Mr Dominic Ali,No,,2019-08-26,No
CUST00408,Benjamin Green-Cole,No,,2019-05-20,No
CUST00409,Mrs Chloe Walker,Yes,Viessmann,2025-12-14,No
CUST00410,Aimee Farrell-Sutton,Yes,Worcester Bosch,2024-03-07,Yes
CUST00411,Gillian Fox,No,,2024-12-26,No
CUST00412,Rosie Johnson-Perry,No,,2025-11-26,Yes
CUST00413,Dr Roger Wall,Yes,Vaillant,2026-06-05,No
CUST00414,Mr Julian Morris,No,,2026-04-30,No
CUST00415,Mr Jacob Jones,No,,2023-11-11,Yes
CUST00416,Jemma Elliott,No,,2017-07-31,Yes
CUST00417,Graeme Nixon,No,,2025-07-12,Yes
CUST00418,Susan Iqbal,No,,2021-07-14,No
CUST00419,Mr Christopher Hart,No,,2026-02-15,Yes
CUST00420,Amelia Ross,Yes,Worcester Bosch,2016-09-11,No
CUST00421,Mr Brandon Kirk,Yes,Glow-worm,2024-08-30,Yes
CUST00422,Max Brown,Yes,Vaillant,2021-12-16,Yes
CUST00423,Leon Black,Yes,Vaillant,2019-06-01,No
CUST00424,Dr Kathleen Stevens,Yes,Worcester Bosch,2020-08-19,No
CUST00425,Dr Tony Dyer,Yes,Viessmann,2017-01-05,Yes
CUST00426,Jack Nicholls-Edwards,Yes,Glow-worm,2020-01-30,No
CUST00427,Hugh Morris,Yes,Baxi,2018-05-06,No
CUST00428,Dr Albert Hardy,Yes,Vaillant,2022-01-08,Yes
CUST00429,Miss Abigail Dale,Yes,Viessmann,2025-10-27,No
CUST00430,Peter Clarke,No,,2025-10-15,Yes
CUST00431,Joel Ball-Johnson,No,,2019-08-21,Yes
CUST00432,Joan Swift,No,,2025-08-31,No
CUST00433,Cheryl Smith,No,,2020-05-25,No
CUST00434,William Parsons,Yes,Viessmann,2017-09-14,No
CUST00435,Mr Ben Humphreys,No,,2023-06-29,Yes
CUST00436,Jason Simpson,No,,2020-09-26,No
CUST00437,Joyce Davies,No,,2020-08-10,Yes
CUST00438,Melissa Noble,No,,2026-01-13,Yes
CUST00439,Mr Gregory Cooke,Yes,Vaillant,2020-04-17,Yes
CUST00440,Nigel Martin,No,,2026-06-04,No
CUST00441,Conor Ahmed,No,,2016-09-23,Yes
CUST00442,Mr Terence Williams,No,,2021-05-23,Yes
CUST00443,Nicholas Jones,Yes,Vaillant,2020-03-08,No
CUST00444,June Moss,Yes,Vaillant,2016-11-09,No
CUST00445,Dr Lorraine Evans,No,,2025-04-04,Yes
CUST00446,Justin Rhodes,No,,2025-11-18,Yes
CUST00447,Dr Donald Lewis,No,,2025-07-18,Yes
CUST00448,Mrs Marie Price,No,,2017-06-27,No
CUST00449,Lawrence Smith-Johnson,Yes,Worcester Bosch,2021-10-06,No
CUST00450,Ian Barton,Yes,Worcester Bosch,2018-10-01,Yes
CUST00451,Keith Slater,No,,2019-07-25,No
CUST00452,Mrs Anne Wright,Yes,Glow-worm,2017-02-25,No
CUST00453,Wayne Mitchell,No,,2017-07-07,No
CUST00454,Janice Richardson,Yes,Vaillant,2025-08-25,Yes
CUST00455,Maurice Andrews,Yes,Baxi,2021-12-17,No
CUST00456,Dr Hazel Morris,No,,2026-07-12,No
CUST00457,Mr Thomas Ali,No,,2016-09-25,No
CUST00458,Jordan George,No,,2016-12-29,Yes
CUST00459,Brandon Sullivan,No,,2022-12-27,No
CUST00460,Brett Moran-Turnbull,No,,2023-11-09,Yes
CUST00461,Beverley Rees,Yes,Ideal,2021-02-03,No
CUST00462,Callum Webb,Yes,Vaillant,2018-05-26,Yes
CUST00463,Charlene Black,No,,2016-08-09,Yes
CUST00464,Mr Mathew Wilson,Yes,Worcester Bosch,2023-06-18,Yes
CUST00465,Miss Hannah Gray,Yes,Worcester Bosch,2018-02-18,Yes
CUST00466,Gordon Wheeler-Yates,Yes,Glow-worm,2021-09-04,No
CUST00467,Gordon Collins,Yes,Baxi,2020-08-24,No
CUST00468,Mrs Bethany Gough,No,,2017-04-27,No
CUST00469,Toby Brown,No,,2018-12-31,No
CUST00470,Stewart Thompson,Yes,Vaillant,2018-03-31,No
CUST00471,Miss Annette Ahmed,No,,2020-01-15,No
CUST00472,Valerie Dale,No,,2017-08-31,Yes
CUST00473,Vanessa Blackburn,No,,2018-11-10,Yes
CUST00474,Dr Rita Clarke,No,,2021-06-02,No
CUST00475,George Edwards,No,,2017-03-25,Yes
CUST00476,Anthony Hurst,Yes,Glow-worm,2018-08-04,No
CUST00477,Frank Stephenson,No,,2019-02-17,Yes
CUST00478,Jane Cox,No,,2024-04-19,No
CUST00479,Ross Wright-Rose,Yes,Worcester Bosch,2020-08-05,No
CUST00480,Deborah Jones,No,,2022-12-24,Yes
CUST00481,Fiona Peters,No,,2022-12-11,No
CUST00482,Victoria Barton,Yes,Baxi,2021-05-13,Yes
CUST00483,Martyn Davis,No,,2019-06-25,Yes
CUST00484,Shirley Newman,No,,2021-05-04,No
CUST00485,Nicola Chambers,Yes,Viessmann,2023-09-12,Yes
CUST00486,Trevor Barlow,No,,2024-04-15,No
CUST00487,Marilyn King,Yes,Vaillant,2018-02-18,No
CUST00488,Dr Terry Hall,No,,2019-09-27,Yes
CUST00489,Stewart Freeman-James,Yes,Viessmann,2021-03-07,No
CUST00490,Dylan Thomas,No,,2022-10-23,No
CUST00491,Kevin Brooks,Yes,Worcester Bosch,2020-08-25,Yes
CUST00492,Margaret Collins-Ward,No,,2023-10-14,Yes
CUST00493,Mr Neil Norman,Yes,Baxi,2022-11-08,Yes
CUST00494,Liam Hughes-Gardiner,No,,2018-07-01,Yes
CUST00495,Barbara Collins-Carr,No,,2016-12-15,No
CUST00496,Dr Bernard Rogers,No,,2025-08-11,No
CUST00497,Miss Carole Andrews,Yes,Vaillant,2019-02-11,Yes
CUST00498,Ms Beverley Smith,No,,2017-04-16,No
CUST00499,Brenda Atkins,Yes,Ideal,2025-10-10,Yes
CUST00500,Roger Miah,Yes,Ideal,2025-11-18,No
