engineer_name,pay_id,home_location,work_location,joining_date
Chelsea Jennings,ENG001,Victoriabury,Wales,2023-11-10
Diana Griffiths,ENG002,Port Paulinebury,Midlands,2023-04-16
Dr Clive Rogers,ENG003,East Peter,Scotland,2023-03-27
Miss Olivia Taylor,ENG004,Brucehaven,South West,2024-12-27
Max Fry,ENG005,North Elliotburgh,Wales,2026-07-12
Karen Griffiths-Williams,ENG006,Amandahaven,Midlands,2022-07-29
Ms Pamela Thomas,ENG007,Winterside,Wales,2023-04-08
Dr Janet Wells,ENG008,Saramouth,Yorkshire,2022-08-26
Kieran O'Sullivan-King,ENG009,Sophieport,Midlands,2026-04-22
Alison Burton,ENG010,Daviesburgh,South East,2026-06-07
Nicole French-Savage,ENG011,Rhyschester,South East,2026-07-10
Toby Stanley,ENG012,Williamsborough,Yorkshire,2025-12-09
Graham Slater,ENG013,Katherinemouth,North East,2022-05-21
Mr Tom Kemp,ENG014,East Peter,Yorkshire,2021-12-25
Jenna Talbot,ENG015,South Elizabethshire,Yorkshire,2023-03-31
Damien Cooper-Matthews,ENG016,Lake Charlene,Wales,2021-08-21
Mr Phillip Lloyd,ENG017,Parkerbury,London,2022-08-16
Joseph Roberts,ENG018,Angelahaven,South East,2025-03-21
Dr Jason Reid,ENG019,Powerbury,London,2023-12-13
Dr Terry Smith,ENG020,Hamiltonport,Yorkshire,2023-08-02
Zoe Newton-Henderson,ENG021,East Dale,North East,2024-11-06
Martin Cole-Collins,ENG022,Butchermouth,South East,2025-02-15
Clare Lee,ENG023,Franklinshire,Midlands,2021-10-03
Dr Shane Bailey,ENG024,Joelfurt,Midlands,2025-02-25
Abdul Roberts,ENG025,South Gerald,Midlands,2023-11-29
Dr Lauren McCarthy,ENG026,Woodmouth,Scotland,2022-09-04
Vincent Payne,ENG027,Wrighttown,Wales,2022-04-21
Allan Kirk,ENG028,Claytonview,South West,2024-10-24
Ms Carole Mills,ENG029,Whitechester,Yorkshire,2023-09-26
Mr Damian Brown,ENG030,West Francisland,South West,2021-12-07
