pay_id,shift_date,shift_start_time,shift_end,lunch_start,lunch_end,non_productive_event_start_time,non_productive_event_end_time
ENG001,2026-07-06,08:00:00,16:00:00,12:00:00,13:00:00,15:00:00,16:00:00
ENG001,2026-07-07,08:00:00,16:00:00,12:00:00,13:00:00,,
ENG001,2026-07-08,08:00:00,16:00:00,12:00:00,13:00:00,,
ENG001,2026-07-09,08:00:00,16:00:00,12:00:00,13:00:00,,
ENG001,2026-07-10,08:00:00,16:00:00,12:00:00,13:00:00,,
ENG001,2026-07-11,08:00:00,16:00:00,12:00:00,13:00:00,,
ENG001,2026-07-13,08:00:00,16:00:00,12:00:00,13:00:00,,
ENG001,2026-07-14,08:00:00,16:00:00,12:00:00,13:00:00,,
ENG001,2026-07-15,08:00:00,16:00:00,12:00:00,13:00:00,,
ENG001,2026-07-16,08:00:00,16:00:00,12:00:00,13:00:00,,
ENG001,2026-07-17,08:00:00,16:00:00,12:00:00,13:00:00,,
ENG001,2026-07-19,08:00:00,16:00:00,12:00:00,13:00:00,,
ENG001,2026-07-20,08:00:00,16:00:00,12:00:00,13:00:00,,
ENG001,2026-07-21,08:00:00,16:00:00,12:00:00,13:00:00,,
ENG001,2026-07-22,08:00:00,16:00:00,12:00:00,13:00:00,,
ENG001,2026-07-23,08:00:00,16:00:00,12:00:00,13:00:00,,
ENG001,2026-07-24,08:00:00,16:00:00,12:00:00,13:00:00,,
ENG001,2026-07-26,08:00:00,16:00:00,12:00:00,13:00:00,,
ENG001,2026-07-27,08:00:00,16:00:00,12:00:00,13:00:00,,
ENG001,2026-07-28,08:00:00,16:00:00,12:00:00,13:00:00,,
ENG001,2026-07-29,08:00:00,16:00:00,12:00:00,13:00:00,,
ENG001,2026-07-30,08:00:00,16:00:00,12:00:00,13:00:00,,
ENG001,2026-07-31,08:00:00,16:00:00,12:00:00,13:00:00,,
ENG001,2026-08-03,08:00:00,16:00:00,12:00:00,13:00:00,,
ENG001,2026-08-04,08:00:00,16:00:00,12:00:00,13:00:00,,
ENG002,2026-07-06,08:00:00,16:00:00,12:00:00,13:00:00,,
ENG002,2026-07-07,08:00:00,16:00:00,12:00:00,13:00:00,,
ENG002,2026-07-08,08:00:00,16:00:00,12:00:00,13:00:00,,
ENG002,2026-07-09,08:00:00,16:00:00,12:00:00,13:00:00,15:00:00,16:00:00
ENG002,2026-07-10,08:00:00,16:00:00,12:00:00,13:00:00,,
ENG002,2026-07-13,08:00:00,16:00:00,12:00:00,13:00:00,,
ENG002,2026-07-14,08:00:00,16:00:00,12:00:00,13:00:00,,
ENG002,2026-07-15,08:00:00,16:00:00,12:00:00,13:00:00,,
ENG002,2026-07-16,08:00:00,16:00:00,12:00:00,13:00:00,,
ENG002,2026-07-17,08:00:00,16:00:00,12:00:00,13:00:00,,
ENG002,2026-07-20,08:00:00,16:00:00,12:00:00,13:00:00,,
ENG002,2026-07-21,08:00:00,16:00:00,12:00:00,13:00:00,,
ENG002,2026-07-22,08:00:00,16:00:00,12:00:00,13:00:00,,
ENG002,2026-07-23,08:00:00,16:00:00,12:00:00,13:00:00,,
ENG002,2026-07-24,08:00:00,16:00:00,12:00:00,13:00:00,,
ENG002,2026-07-27,08:00:00,16:00:00,12:00:00,13:00:00,,
ENG002,2026-07-28,08:00:00,16:00:00,12:00:00,13:00:00,,
ENG002,2026-07-29,08:00:00,16:00:00,12:00:00,13:00:00,,
ENG002,2026-07-30,08:00:00,16:00:00,12:00:00,13:00:00,15:00:00,16:00:00
ENG002,2026-07-31,08:00:00,16:00:00,12:00:00,13:00:00,,
ENG002,2026-08-02,08:00:00,16:00:00,12:00:00,13:00:00,,
ENG002,2026-08-03,08:00:00,16:00:00,12:00:00,13:00:00,,
ENG002,2026-08-04,08:00:00,16:00:00,12:00:00,13:00:00,,
ENG003,2026-07-06,08:00:00,16:00:00,12:00:00,13:00:00,,
ENG003,2026-07-07,08:00:00,16:00:00,12:00:00,13:00:00,,
ENG003,2026-07-08,08:00:00,16:00:00,12:00:00,13:00:00,,
ENG003,2026-07-09,08:00:00,16:00:00,12:00:00,13:00:00,,
ENG003,2026-07-10,08:00:00,16:00:00,12:00:00,13:00:00,,
ENG003,2026-07-13,08:00:00,16:00:00,12:00:00,13:00:00,,
ENG003,2026-07-14,08:00:00,16:00:00,12:00:00,13:00:00,,
ENG003,2026-07-15,08:00:00,16:00:00,12:00:00,13:00:00,,
ENG003,2026-07-16,08:00:00,16:00:00,12:00:00,13:00:00,,
ENG003,2026-07-17,08:00:00,16:00:00,12:00:00,13:00:00,,
ENG003,2026-07-18,08:00:00,16:00:00,12:00:00,13:00:00,,
ENG003,2026-07-20,08:00:00,16:00:00,12:00:00,13:00:00,,
ENG003,2026-07-21,08:00:00,16:00:00,12:00:00,13:00:00,15:00:00,16:00:00
ENG003,2026-07-22,08:00:00,16:00:00,12:00:00,13:00:00,,
ENG003,2026-07-23,08:00:00,16:00:00,12:00:00,13:00:00,,
ENG003,2026-07-24,08:00:00,16:00:00,12:00:00,13:00:00,,
ENG003,2026-07-27,08:00:00,16:00:00,12:00:00,13:00:00,15:00:00,16:00:00
ENG003,2026-07-28,08:00:00,16:00:00,12:00:00,13:00:00,,
ENG003,2026-07-29,08:00:00,16:00:00,12:00:00,13:00:00,,
ENG003,2026-07-30,08:00:00,16:00:00,12:00:00,13:00:00,,
ENG003,2026-07-31,08:00:00,16:00:00,12:00:00,13:00:00,,
ENG003,2026-08-03,08:00:00,16:00:00,12:00:00,13:00:00,15:00:00,16:00:00
ENG003,2026-08-04,08:00:00,16:00:00,12:00:00,13:00:00,15:00:00,16:00:00
ENG004,2026-07-06,08:00:00,16:00:00,12:00:00,13:00:00,,
ENG004,2026-07-07,08:00:00,16:00:00,12:00:00,13:00:00,15:00:00,16:00:00
ENG004,2026-07-08,08:00:00,16:00:00,12:00:00,13:00:00,,
ENG004,2026-07-09,08:00:00,16:00:00,12:00:00,13:00:00,,
ENG004,2026-07-10,08:00:00,16:00:00,12:00:00,13:00:00,15:00:00,16:00:00
ENG004,2026-07-11,08:00:00,16:00:00,12:00:00,13:00:00,15:00:00,16:00:00
ENG004,2026-07-12,08:00:00,16:00:00,12:00:00,13:00:00,,
ENG004,2026-07-13,08:00:00,16:00:00,12:00:00,13:00:00,15:00:00,16:00:00
ENG004,2026-07-14,08:00:00,16:00:00,12:00:00,13:00:00,,
ENG004,2026-07-15,08:00:00,16:00:00,12:00:00,13:00:00,,
ENG004,2026-07-16,08:00:00,16:00:00,12:00:00,13:00:00,,
ENG004,2026-07-17,08:00:00,16:00:00,12:00:00,13:00:00,,
ENG004,2026-07-19,08:00:00,16:00:00,12:00:00,13:00:00,,
ENG004,2026-07-20,08:00:00,16:00:00,12:00:00,13:00:00,,
ENG004,2026-07-21,08:00:00,16:00:00,12:00:00,13:00:00,,
ENG004,2026-07-22,08:00:00,16:00:00,12:00:00,13:00:00,,
ENG004,2026-07-23,08:00:00,16:00:00,12:00:00,13:00:00,,
ENG004,2026-07-24,08:00:00,16:00:00,12:00:00,13:00:00,,
ENG004,2026-07-27,08:00:00,16:00:00,12:00:00,13:00:00,,
ENG004,2026-07-28,08:00:00,16:00:00,12:00:00,13:00:00,15:00:00,16:00:00
ENG004,2026-07-29,08:00:00,16:00:00,12:00:00,13:00:00,,
ENG004,2026-07-30,08:00:00,16:00:00,12:00:00,13:00:00,,
ENG004,2026-07-31,08:00:00,16:00:00,12:00:00,13:00:00,,
ENG004,2026-08-03,08:00:00,16:00:00,12:00:00,13:00:00,,
ENG004,2026-08-04,08:00:00,16:00:00,12:00:00,13:00:00,,
ENG005,2026-07-06,08:00:00,16:00:00,12:00:00,13:00:00,,
ENG005,2026-07-07,08:00:00,16:00:00,12:00:00,13:00:00,,
ENG005,2026-07-08,08:00:00,16:00:00,12:00:00,13:00:00,15:00:00,16:00:00
ENG005,2026-07-09,08:00:00,16:00:00,12:00:00,13:00:00,,
ENG005,2026-07-10,08:00:00,16:00:00,12:00:00,13:00:00,,
ENG005,2026-07-11,08:00:00,16:00:00,12:00:00,13:00:00,,
ENG005,2026-07-13,08:00:00,16:00:00,12:00:00,13:00:00,,
ENG005,2026-07-14,08:00:00,16:00:00,12:00:00,13:00:00,,
ENG005,2026-07-15,08:00:00,16:00:00,12:00:00,13:00:00,,
ENG005,2026-07-16,08:00:00,16:00:00,12:00:00,13:00:00,,
ENG005,2026-07-17,08:00:00,16:00:00,12:00:00,13:00:00,,
ENG005,2026-07-19,08:00:00,16:00:00,12:00:00,13:00:00,,
ENG005,2026-07-20,08:00:00,16:00:00,12:00:00,13:00:00,,
ENG005,2026-07-21,08:00:00,16:00:00,12:00:00,13:00:00,,
ENG005,2026-07-22,08:00:00,16:00:00,12:00:00,13:00:00,,
ENG005,2026-07-23,08:00:00,16:00:00,12:00:00,13:00:00,,
ENG005,2026-07-24,08:00:00,16:00:00,12:00:00,13:00:00,15:00:00,16:00:00
ENG005,2026-07-26,08:00:00,16:00:00,12:00:00,13:00:00,,
ENG005,2026-07-27,08:00:00,16:00:00,12:00:00,13:00:00,15:00:00,16:00:00
ENG005,2026-07-28,08:00:00,16:00:00,12:00:00,13:00:00,,
ENG005,2026-07-29,08:00:00,16:00:00,12:00:00,13:00:00,15:00:00,16:00:00
ENG005,2026-07-30,08:00:00,16:00:00,12:00:00,13:00:00,,
ENG005,2026-07-31,08:00:00,16:00:00,12:00:00,13:00:00,15:00:00,16:00:00
ENG005,2026-08-03,08:00:00,16:00:00,12:00:00,13:00:00,,
ENG005,2026-08-04,08:00:00,16:00:00,12:00:00,13:00:00,,
ENG006,2026-07-06,08:00:00,16:00:00,12:00:00,13:00:00,,
ENG006,2026-07-07,08:00:00,16:00:00,12:00:00,13:00:00,,
ENG006,2026-07-08,08:00:00,16:00:00,12:00:00,13:00:00,15:00:00,16:00:00
ENG006,2026-07-09,08:00:00,16:00:00,12:00:00,13:00:00,,
ENG006,2026-07-10,08:00:00,16:00:00,12:00:00,13:00:00,,
ENG006,2026-07-13,08:00:00,16:00:00,12:00:00,13:00:00,,
ENG006,2026-07-14,08:00:00,16:00:00,12:00:00,13:00:00,,
ENG006,2026-07-15,08:00:00,16:00:00,12:00:00,13:00:00,15:00:00,16:00:00
ENG006,2026-07-16,08:00:00,16:00:00,12:00:00,13:00:00,15:00:00,16:00:00
ENG006,2026-07-17,08:00:00,16:00:00,12:00:00,13:00:00,,
ENG006,2026-07-20,08:00:00,16:00:00,12:00:00,13:00:00,,
ENG006,2026-07-21,08:00:00,16:00:00,12:00:00,13:00:00,,
ENG006,2026-07-22,08:00:00,16:00:00,12:00:00,13:00:00,,
ENG006,2026-07-23,08:00:00,16:00:00,12:00:00,13:00:00,15:00:00,16:00:00
ENG006,2026-07-24,08:00:00,16:00:00,12:00:00,13:00:00,,
ENG006,2026-07-27,08:00:00,16:00:00,12:00:00,13:00:00,,
ENG006,2026-07-28,08:00:00,16:00:00,12:00:00,13:00:00,,
ENG006,2026-07-29,08:00:00,16:00:00,12:00:00,13:00:00,,
ENG006,2026-07-30,08:00:00,16:00:00,12:00:00,13:00:00,,
ENG006,2026-07-31,08:00:00,16:00:00,12:00:00,13:00:00,15:00:00,16:00:00
ENG006,2026-08-03,08:00:00,16:00:00,12:00:00,13:00:00,15:00:00,16:00:00
ENG006,2026-08-04,08:00:00,16:00:00,12:00:00,13:00:00,,
ENG007,2026-07-06,08:00:00,16:00:00,12:00:00,13:00:00,,
ENG007,2026-07-07,08:00:00,16:00:00,12:00:00,13:00:00,,
ENG007,2026-07-08,08:00:00,16:00:00,12:00:00,13:00:00,,
ENG007,2026-07-09,08:00:00,16:00:00,12:00:00,13:00:00,15:00:00,16:00:00
ENG007,2026-07-10,08:00:00,16:00:00,12:00:00,13:00:00,15:00:00,16:00:00
ENG007,2026-07-13,08:00:00,16:00:00,12:00:00,13:00:00,,
ENG007,2026-07-14,08:00:00,16:00:00,12:00:00,13:00:00,15:00:00,16:00:00
ENG007,2026-07-15,08:00:00,16:00:00,12:00:00,13:00:00,15:00:00,16:00:00
ENG007,2026-07-16,08:00:00,16:00:00,12:00:00,13:00:00,15:00:00,16:00:00
ENG007,2026-07-17,08:00:00,16:00:00,12:00:00,13:00:00,,
ENG007,2026-07-20,08:00:00,16:00:00,12:00:00,13:00:00,,
ENG007,2026-07-21,08:00:00,16:00:00,12:00:00,13:00:00,,
ENG007,2026-07-22,08:00:00,16:00:00,12:00:00,13:00:00,,
ENG007,2026-07-23,08:00:00,16:00:00,12:00:00,13:00:00,,
ENG007,2026-07-24,08:00:00,16:00:00,12:00:00,13:00:00,,
ENG007,2026-07-27,08:00:00,16:00:00,12:00:00,13:00:00,,
ENG007,2026-07-28,08:00:00,16:00:00,12:00:00,13:00:00,,
ENG007,2026-07-29,08:00:00,16:00:00,12:00:00,13:00:00,,
ENG007,2026-07-30,08:00:00,16:00:00,12:00:00,13:00:00,,
ENG007,2026-07-31,08:00:00,16:00:00,12:00:00,13:00:00,,
ENG007,2026-08-01,08:00:00,16:00:00,12:00:00,13:00:00,15:00:00,16:00:00
ENG007,2026-08-03,08:00:00,16:00:00,12:00:00,13:00:00,,
ENG007,2026-08-04,08:00:00,16:00:00,12:00:00,13:00:00,,
ENG008,2026-07-06,08:00:00,16:00:00,12:00:00,13:00:00,,
ENG008,2026-07-07,08:00:00,16:00:00,12:00:00,13:00:00,,
ENG008,2026-07-08,08:00:00,16:00:00,12:00:00,13:00:00,,
ENG008,2026-07-09,08:00:00,16:00:00,12:00:00,13:00:00,15:00:00,16:00:00
ENG008,2026-07-10,08:00:00,16:00:00,12:00:00,13:00:00,,
ENG008,2026-07-11,08:00:00,16:00:00,12:00:00,13:00:00,,
ENG008,2026-07-13,08:00:00,16:00:00,12:00:00,13:00:00,,
ENG008,2026-07-14,08:00:00,16:00:00,12:00:00,13:00:00,,
ENG008,2026-07-15,08:00:00,16:00:00,12:00:00,13:00:00,,
ENG008,2026-07-16,08:00:00,16:00:00,12:00:00,13:00:00,,
ENG008,2026-07-17,08:00:00,16:00:00,12:00:00,13:00:00,15:00:00,16:00:00
ENG008,2026-07-20,08:00:00,16:00:00,12:00:00,13:00:00,,
ENG008,2026-07-21,08:00:00,16:00:00,12:00:00,13:00:00,,
ENG008,2026-07-22,08:00:00,16:00:00,12:00:00,13:00:00,,
ENG008,2026-07-23,08:00:00,16:00:00,12:00:00,13:00:00,,
ENG008,2026-07-24,08:00:00,16:00:00,12:00:00,13:00:00,15:00:00,16:00:00
ENG008,2026-07-27,08:00:00,16:00:00,12:00:00,13:00:00,15:00:00,16:00:00
ENG008,2026-07-28,08:00:00,16:00:00,12:00:00,13:00:00,,
ENG008,2026-07-29,08:00:00,16:00:00,12:00:00,13:00:00,15:00:00,16:00:00
ENG008,2026-07-30,08:00:00,16:00:00,12:00:00,13:00:00,,
ENG008,2026-07-31,08:00:00,16:00:00,12:00:00,13:00:00,,
ENG008,2026-08-03,08:00:00,16:00:00,12:00:00,13:00:00,,
ENG008,2026-08-04,08:00:00,16:00:00,12:00:00,13:00:00,,
ENG009,2026-07-06,08:00:00,16:00:00,12:00:00,13:00:00,,
ENG009,2026-07-07,08:00:00,16:00:00,12:00:00,13:00:00,,
ENG009,2026-07-08,08:00:00,16:00:00,12:00:00,13:00:00,,
ENG009,2026-07-09,08:00:00,16:00:00,12:00:00,13:00:00,15:00:00,16:00:00
ENG009,2026-07-10,08:00:00,16:00:00,12:00:00,13:00:00,,
ENG009,2026-07-13,08:00:00,16:00:00,12:00:00,13:00:00,,
ENG009,2026-07-14,08:00:00,16:00:00,12:00:00,13:00:00,,
ENG009,2026-07-15,08:00:00,16:00:00,12:00:00,13:00:00,,
ENG009,2026-07-16,08:00:00,16:00:00,12:00:00,13:00:00,,
ENG009,2026-07-17,08:00:00,16:00:00,12:00:00,13:00:00,15:00:00,16:00:00
ENG009,2026-07-20,08:00:00,16:00:00,12:00:00,13:00:00,15:00:00,16:00:00
ENG009,2026-07-21,08:00:00,16:00:00,12:00:00,13:00:00,,
ENG009,2026-07-22,08:00:00,16:00:00,12:00:00,13:00:00,,
ENG009,2026-07-23,08:00:00,16:00:00,12:00:00,13:00:00,15:00:00,16:00:00
ENG009,2026-07-24,08:00:00,16:00:00,12:00:00,13:00:00,,
ENG009,2026-07-27,08:00:00,16:00:00,12:00:00,13:00:00,,
ENG009,2026-07-28,08:00:00,16:00:00,12:00:00,13:00:00,,
ENG009,2026-07-29,08:00:00,16:00:00,12:00:00,13:00:00,,
ENG009,2026-07-30,08:00:00,16:00:00,12:00:00,13:00:00,,
ENG009,2026-07-31,08:00:00,16:00:00,12:00:00,13:00:00,,
ENG009,2026-08-03,08:00:00,16:00:00,12:00:00,13:00:00,,
ENG009,2026-08-04,08:00:00,16:00:00,12:00:00,13:00:00,,
ENG010,2026-07-06,08:00:00,16:00:00,12:00:00,13:00:00,,
ENG010,2026-07-07,08:00:00,16:00:00,12:00:00,13:00:00,,
ENG010,2026-07-08,08:00:00,16:00:00,12:00:00,13:00:00,15:00:00,16:00:00
ENG010,2026-07-09,08:00:00,16:00:00,12:00:00,13:00:00,,
ENG010,2026-07-10,08:00:00,16:00:00,12:00:00,13:00:00,,
ENG010,2026-07-13,08:00:00,16:00:00,12:00:00,13:00:00,,
ENG010,2026-07-14,08:00:00,16:00:00,12:00:00,13:00:00,15:00:00,16:00:00
ENG010,2026-07-15,08:00:00,16:00:00,12:00:00,13:00:00,,
ENG010,2026-07-16,08:00:00,16:00:00,12:00:00,13:00:00,15:00:00,16:00:00
ENG010,2026-07-17,08:00:00,16:00:00,12:00:00,13:00:00,,
ENG010,2026-07-20,08:00:00,16:00:00,12:00:00,13:00:00,,
ENG010,2026-07-21,08:00:00,16:00:00,12:00:00,13:00:00,,
ENG010,2026-07-22,08:00:00,16:00:00,12:00:00,13:00:00,,
ENG010,2026-07-23,08:00:00,16:00:00,12:00:00,13:00:00,,
ENG010,2026-07-24,08:00:00,16:00:00,12:00:00,13:00:00,,
ENG010,2026-07-27,08:00:00,16:00:00,12:00:00,13:00:00,,
ENG010,2026-07-28,08:00:00,16:00:00,12:00:00,13:00:00,15:00:00,16:00:00
ENG010,2026-07-29,08:00:00,16:00:00,12:00:00,13:00:00,,
ENG010,2026-07-30,08:00:00,16:00:00,12:00:00,13:00:00,,
ENG010,2026-07-31,08:00:00,16:00:00,12:00:00,13:00:00,15:00:00,16:00:00
ENG010,2026-08-03,08:00:00,16:00:00,12:00:00,13:00:00,15:00:00,16:00:00
ENG010,2026-08-04,08:00:00,16:00:00,12:00:00,13:00:00,,
ENG011,2026-07-06,08:00:00,16:00:00,12:00:00,13:00:00,,
ENG011,2026-07-07,08:00:00,16:00:00,12:00:00,13:00:00,,
ENG011,2026-07-08,08:00:00,16:00:00,12:00:00,13:00:00,,
ENG011,2026-07-09,08:00:00,16:00:00,12:00:00,13:00:00,,
ENG011,2026-07-10,08:00:00,16:00:00,12:00:00,13:00:00,,
ENG011,2026-07-11,08:00:00,16:00:00,12:00:00,13:00:00,,
ENG011,2026-07-13,08:00:00,16:00:00,12:00:00,13:00:00,,
ENG011,2026-07-14,08:00:00,16:00:00,12:00:00,13:00:00,,
ENG011,2026-07-15,08:00:00,16:00:00,12:00:00,13:00:00,,
ENG011,2026-07-16,08:00:00,16:00:00,12:00:00,13:00:00,,
ENG011,2026-07-17,08:00:00,16:00:00,12:00:00,13:00:00,15:00:00,16:00:00
ENG011,2026-07-20,08:00:00,16:00:00,12:00:00,13:00:00,15:00:00,16:00:00
ENG011,2026-07-21,08:00:00,16:00:00,12:00:00,13:00:00,,
ENG011,2026-07-22,08:00:00,16:00:00,12:00:00,13:00:00,15:00:00,16:00:00
ENG011,2026-07-23,08:00:00,16:00:00,12:00:00,13:00:00,15:00:00,16:00:00
ENG011,2026-07-24,08:00:00,16:00:00,12:00:00,13:00:00,,
ENG011,2026-07-27,08:00:00,16:00:00,12:00:00,13:00:00,,
ENG011,2026-07-28,08:00:00,16:00:00,12:00:00,13:00:00,,
ENG011,2026-07-29,08:00:00,16:00:00,12:00:00,13:00:00,,
ENG011,2026-07-30,08:00:00,16:00:00,12:00:00,13:00:00,,
ENG011,2026-07-31,08:00:00,16:00:00,12:00:00,13:00:00,15:00:00,16:00:00
ENG011,2026-08-02,08:00:00,16:00:00,12:00:00,13:00:00,,
ENG011,2026-08-03,08:00:00,16:00:00,12:00:00,13:00:00,,
ENG011,2026-08-04,08:00:00,16:00:00,12:00:00,13:00:00,,
ENG012,2026-07-06,08:00:00,16:00:00,12:00:00,13:00:00,,
ENG012,2026-07-07,08:00:00,16:00:00,12:00:00,13:00:00,15:00:00,16:00:00
ENG012,2026-07-08,08:00:00,16:00:00,12:00:00,13:00:00,,
ENG012,2026-07-09,08:00:00,16:00:00,12:00:00,13:00:00,,
ENG012,2026-07-10,08:00:00,16:00:00,12:00:00,13:00:00,,
ENG012,2026-07-13,08:00:00,16:00:00,12:00:00,13:00:00,,
ENG012,2026-07-14,08:00:00,16:00:00,12:00:00,13:00:00,,
ENG012,2026-07-15,08:00:00,16:00:00,12:00:00,13:00:00,,
ENG012,2026-07-16,08:00:00,16:00:00,12:00:00,13:00:00,,
ENG012,2026-07-17,08:00:00,16:00:00,12:00:00,13:00:00,,
ENG012,2026-07-20,08:00:00,16:00:00,12:00:00,13:00:00,,
ENG012,2026-07-21,08:00:00,16:00:00,12:00:00,13:00:00,,
ENG012,2026-07-22,08:00:00,16:00:00,12:00:00,13:00:00,,
ENG012,2026-07-23,08:00:00,16:00:00,12:00:00,13:00:00,15:00:00,16:00:00
ENG012,2026-07-24,08:00:00,16:00:00,12:00:00,13:00:00,,
ENG012,2026-07-27,08:00:00,16:00:00,12:00:00,13:00:00,,
ENG012,2026-07-28,08:00:00,16:00:00,12:00:00,13:00:00,,
ENG012,2026-07-29,08:00:00,16:00:00,12:00:00,13:00:00,,
ENG012,2026-07-30,08:00:00,16:00:00,12:00:00,13:00:00,,
ENG012,2026-07-31,08:00:00,16:00:00,12:00:00,13:00:00,,
ENG012,2026-08-03,08:00:00,16:00:00,12:00:00,13:00:00,,
ENG012,2026-08-04,08:00:00,16:00:00,12:00:00,13:00:00,,
ENG013,2026-07-06,08:00:00,16:00:00,12:00:00,13:00:00,,
ENG013,2026-07-07,08:00:00,16:00:00,12:00:00,13:00:00,,
ENG013,2026-07-08,08:00:00,16:00:00,12:00:00,13:00:00,,
ENG013,2026-07-09,08:00:00,16:00:00,12:00:00,13:00:00,,
ENG013,2026-07-10,08:00:00,16:00:00,12:00:00,13:00:00,,
ENG013,2026-07-12,08:00:00,16:00:00,12:00:00,13:00:00,,
ENG013,2026-07-13,08:00:00,16:00:00,12:00:00,13:00:00,,
ENG013,2026-07-14,08:00:00,16:00:00,12:00:00,13:00:00,,
ENG013,2026-07-15,08:00:00,16:00:00,12:00:00,13:00:00,,
ENG013,2026-07-16,08:00:00,16:00:00,12:00:00,13:00:00,15:00:00,16:00:00
ENG013,2026-07-17,08:00:00,16:00:00,12:00:00,13:00:00,,
ENG013,2026-07-20,08:00:00,16:00:00,12:00:00,13:00:00,,
ENG013,2026-07-21,08:00:00,16:00:00,12:00:00,13:00:00,,
ENG013,2026-07-22,08:00:00,16:00:00,12:00:00,13:00:00,,
ENG013,2026-07-23,08:00:00,16:00:00,12:00:00,13:00:00,,
ENG013,2026-07-24,08:00:00,16:00:00,12:00:00,13:00:00,,
ENG013,2026-07-26,08:00:00,16:00:00,12:00:00,13:00:00,15:00:00,16:00:00
ENG013,2026-07-27,08:00:00,16:00:00,12:00:00,13:00:00,,
ENG013,2026-07-28,08:00:00,16:00:00,12:00:00,13:00:00,,
ENG013,2026-07-29,08:00:00,16:00:00,12:00:00,13:00:00,,
ENG013,2026-07-30,08:00:00,16:00:00,12:00:00,13:00:00,15:00:00,16:00:00
ENG013,2026-07-31,08:00:00,16:00:00,12:00:00,13:00:00,,
ENG013,2026-08-03,08:00:00,16:00:00,12:00:00,13:00:00,,
ENG013,2026-08-04,08:00:00,16:00:00,12:00:00,13:00:00,,
ENG014,2026-07-06,08:00:00,16:00:00,12:00:00,13:00:00,,
ENG014,2026-07-07,08:00:00,16:00:00,12:00:00,13:00:00,,
ENG014,2026-07-08,08:00:00,16:00:00,12:00:00,13:00:00,15:00:00,16:00:00
ENG014,2026-07-09,08:00:00,16:00:00,12:00:00,13:00:00,,
ENG014,2026-07-10,08:00:00,16:00:00,12:00:00,13:00:00,,
ENG014,2026-07-11,08:00:00,16:00:00,12:00:00,13:00:00,15:00:00,16:00:00
ENG014,2026-07-13,08:00:00,16:00:00,12:00:00,13:00:00,,
ENG014,2026-07-14,08:00:00,16:00:00,12:00:00,13:00:00,,
ENG014,2026-07-15,08:00:00,16:00:00,12:00:00,13:00:00,,
ENG014,2026-07-16,08:00:00,16:00:00,12:00:00,13:00:00,,
ENG014,2026-07-17,08:00:00,16:00:00,12:00:00,13:00:00,15:00:00,16:00:00
ENG014,2026-07-18,08:00:00,16:00:00,12:00:00,13:00:00,15:00:00,16:00:00
ENG014,2026-07-20,08:00:00,16:00:00,12:00:00,13:00:00,,
ENG014,2026-07-21,08:00:00,16:00:00,12:00:00,13:00:00,15:00:00,16:00:00
ENG014,2026-07-22,08:00:00,16:00:00,12:00:00,13:00:00,15:00:00,16:00:00
ENG014,2026-07-23,08:00:00,16:00:00,12:00:00,13:00:00,15:00:00,16:00:00
ENG014,2026-07-24,08:00:00,16:00:00,12:00:00,13:00:00,,
ENG014,2026-07-27,08:00:00,16:00:00,12:00:00,13:00:00,,
ENG014,2026-07-28,08:00:00,16:00:00,12:00:00,13:00:00,,
ENG014,2026-07-29,08:00:00,16:00:00,12:00:00,13:00:00,,
ENG014,2026-07-30,08:00:00,16:00:00,12:00:00,13:00:00,,
ENG014,2026-07-31,08:00:00,16:00:00,12:00:00,13:00:00,,
ENG014,2026-08-03,08:00:00,16:00:00,12:00:00,13:00:00,,
ENG014,2026-08-04,08:00:00,16:00:00,12:00:00,13:00:00,,
ENG015,2026-07-06,08:00:00,16:00:00,12:00:00,13:00:00,,
ENG015,2026-07-07,08:00:00,16:00:00,12:00:00,13:00:00,15:00:00,16:00:00
ENG015,2026-07-08,08:00:00,16:00:00,12:00:00,13:00:00,,
ENG015,2026-07-09,08:00:00,16:00:00,12:00:00,13:00:00,15:00:00,16:00:00
ENG015,2026-07-10,08:00:00,16:00:00,12:00:00,13:00:00,15:00:00,16:00:00
ENG015,2026-07-12,08:00:00,16:00:00,12:00:00,13:00:00,,
ENG015,2026-07-13,08:00:00,16:00:00,12:00:00,13:00:00,,
ENG015,2026-07-14,08:00:00,16:00:00,12:00:00,13:00:00,,
ENG015,2026-07-15,08:00:00,16:00:00,12:00:00,13:00:00,,
ENG015,2026-07-16,08:00:00,16:00:00,12:00:00,13:00:00,,
ENG015,2026-07-17,08:00:00,16:00:00,12:00:00,13:00:00,15:00:00,16:00:00
ENG015,2026-07-20,08:00:00,16:00:00,12:00:00,13:00:00,15:00:00,16:00:00
ENG015,2026-07-21,08:00:00,16:00:00,12:00:00,13:00:00,15:00:00,16:00:00
ENG015,2026-07-22,08:00:00,16:00:00,12:00:00,13:00:00,,
ENG015,2026-07-23,08:00:00,16:00:00,12:00:00,13:00:00,,
ENG015,2026-07-24,08:00:00,16:00:00,12:00:00,13:00:00,,
ENG015,2026-07-26,08:00:00,16:00:00,12:00:00,13:00:00,,
ENG015,2026-07-27,08:00:00,16:00:00,12:00:00,13:00:00,,
ENG015,2026-07-28,08:00:00,16:00:00,12:00:00,13:00:00,,
ENG015,2026-07-29,08:00:00,16:00:00,12:00:00,13:00:00,,
ENG015,2026-07-30,08:00:00,16:00:00,12:00:00,13:00:00,,
ENG015,2026-07-31,08:00:00,16:00:00,12:00:00,13:00:00,,
ENG015,2026-08-01,08:00:00,16:00:00,12:00:00,13:00:00,,
ENG015,2026-08-03,08:00:00,16:00:00,12:00:00,13:00:00,,
ENG015,2026-08-04,08:00:00,16:00:00,12:00:00,13:00:00,,
ENG016,2026-07-06,08:00:00,16:00:00,12:00:00,13:00:00,,
ENG016,2026-07-07,08:00:00,16:00:00,12:00:00,13:00:00,,
ENG016,2026-07-08,08:00:00,16:00:00,12:00:00,13:00:00,,
ENG016,2026-07-09,08:00:00,16:00:00,12:00:00,13:00:00,15:00:00,16:00:00
ENG016,2026-07-10,08:00:00,16:00:00,12:00:00,13:00:00,,
ENG016,2026-07-13,08:00:00,16:00:00,12:00:00,13:00:00,,
ENG016,2026-07-14,08:00:00,16:00:00,12:00:00,13:00:00,,
ENG016,2026-07-15,08:00:00,16:00:00,12:00:00,13:00:00,,
ENG016,2026-07-16,08:00:00,16:00:00,12:00:00,13:00:00,,
ENG016,2026-07-17,08:00:00,16:00:00,12:00:00,13:00:00,,
ENG016,2026-07-20,08:00:00,16:00:00,12:00:00,13:00:00,,
ENG016,2026-07-21,08:00:00,16:00:00,12:00:00,13:00:00,15:00:00,16:00:00
ENG016,2026-07-22,08:00:00,16:00:00,12:00:00,13:00:00,,
ENG016,2026-07-23,08:00:00,16:00:00,12:00:00,13:00:00,,
ENG016,2026-07-24,08:00:00,16:00:00,12:00:00,13:00:00,,
ENG016,2026-07-27,08:00:00,16:00:00,12:00:00,13:00:00,15:00:00,16:00:00
ENG016,2026-07-28,08:00:00,16:00:00,12:00:00,13:00:00,,
ENG016,2026-07-29,08:00:00,16:00:00,12:00:00,13:00:00,,
ENG016,2026-07-30,08:00:00,16:00:00,12:00:00,13:00:00,,
ENG016,2026-07-31,08:00:00,16:00:00,12:00:00,13:00:00,,
ENG016,2026-08-01,08:00:00,16:00:00,12:00:00,13:00:00,,
ENG016,2026-08-02,08:00:00,16:00:00,12:00:00,13:00:00,,
ENG016,2026-08-03,08:00:00,16:00:00,12:00:00,13:00:00,,
ENG016,2026-08-04,08:00:00,16:00:00,12:00:00,13:00:00,,
ENG017,2026-07-06,08:00:00,16:00:00,12:00:00,13:00:00,,
ENG017,2026-07-07,08:00:00,16:00:00,12:00:00,13:00:00,,
ENG017,2026-07-08,08:00:00,16:00:00,12:00:00,13:00:00,,
ENG017,2026-07-09,08:00:00,16:00:00,12:00:00,13:00:00,15:00:00,16:00:00
ENG017,2026-07-10,08:00:00,16:00:00,12:00:00,13:00:00,15:00:00,16:00:00
ENG017,2026-07-12,08:00:00,16:00:00,12:00:00,13:00:00,,
ENG017,2026-07-13,08:00:00,16:00:00,12:00:00,13:00:00,,
ENG017,2026-07-14,08:00:00,16:00:00,12:00:00,13:00:00,,
ENG017,2026-07-15,08:00:00,16:00:00,12:00:00,13:00:00,,
ENG017,2026-07-16,08:00:00,16:00:00,12:00:00,13:00:00,,
ENG017,2026-07-17,08:00:00,16:00:00,12:00:00,13:00:00,,
ENG017,2026-07-19,08:00:00,16:00:00,12:00:00,13:00:00,15:00:00,16:00:00
ENG017,2026-07-20,08:00:00,16:00:00,12:00:00,13:00:00,,
ENG017,2026-07-21,08:00:00,16:00:00,12:00:00,13:00:00,15:00:00,16:00:00
ENG017,2026-07-22,08:00:00,16:00:00,12:00:00,13:00:00,,
ENG017,2026-07-23,08:00:00,16:00:00,12:00:00,13:00:00,,
ENG017,2026-07-24,08:00:00,16:00:00,12:00:00,13:00:00,,
ENG017,2026-07-27,08:00:00,16:00:00,12:00:00,13:00:00,,
ENG017,2026-07-28,08:00:00,16:00:00,12:00:00,13:00:00,,
ENG017,2026-07-29,08:00:00,16:00:00,12:00:00,13:00:00,,
ENG017,2026-07-30,08:00:00,16:00:00,12:00:00,13:00:00,,
ENG017,2026-07-31,08:00:00,16:00:00,12:00:00,13:00:00,,
ENG017,2026-08-03,08:00:00,16:00:00,12:00:00,13:00:00,,
ENG017,2026-08-04,08:00:00,16:00:00,12:00:00,13:00:00,,
ENG018,2026-07-06,08:00:00,16:00:00,12:00:00,13:00:00,,
ENG018,2026-07-07,08:00:00,16:00:00,12:00:00,13:00:00,,
ENG018,2026-07-08,08:00:00,16:00:00,12:00:00,13:00:00,,
ENG018,2026-07-09,08:00:00,16:00:00,12:00:00,13:00:00,,
ENG018,2026-07-10,08:00:00,16:00:00,12:00:00,13:00:00,,
ENG018,2026-07-13,08:00:00,16:00:00,12:00:00,13:00:00,,
ENG018,2026-07-14,08:00:00,16:00:00,12:00:00,13:00:00,,
ENG018,2026-07-15,08:00:00,16:00:00,12:00:00,13:00:00,,
ENG018,2026-07-16,08:00:00,16:00:00,12:00:00,13:00:00,,
ENG018,2026-07-17,08:00:00,16:00:00,12:00:00,13:00:00,,
ENG018,2026-07-19,08:00:00,16:00:00,12:00:00,13:00:00,,
ENG018,2026-07-20,08:00:00,16:00:00,12:00:00,13:00:00,,
ENG018,2026-07-21,08:00:00,16:00:00,12:00:00,13:00:00,15:00:00,16:00:00
ENG018,2026-07-22,08:00:00,16:00:00,12:00:00,13:00:00,,
ENG018,2026-07-23,08:00:00,16:00:00,12:00:00,13:00:00,,
ENG018,2026-07-24,08:00:00,16:00:00,12:00:00,13:00:00,,
ENG018,2026-07-27,08:00:00,16:00:00,12:00:00,13:00:00,,
ENG018,2026-07-28,08:00:00,16:00:00,12:00:00,13:00:00,,
ENG018,2026-07-29,08:00:00,16:00:00,12:00:00,13:00:00,15:00:00,16:00:00
ENG018,2026-07-30,08:00:00,16:00:00,12:00:00,13:00:00,,
ENG018,2026-07-31,08:00:00,16:00:00,12:00:00,13:00:00,,
ENG018,2026-08-03,08:00:00,16:00:00,12:00:00,13:00:00,,
ENG018,2026-08-04,08:00:00,16:00:00,12:00:00,13:00:00,,
ENG019,2026-07-06,08:00:00,16:00:00,12:00:00,13:00:00,,
ENG019,2026-07-07,08:00:00,16:00:00,12:00:00,13:00:00,,
ENG019,2026-07-08,08:00:00,16:00:00,12:00:00,13:00:00,,
ENG019,2026-07-09,08:00:00,16:00:00,12:00:00,13:00:00,15:00:00,16:00:00
ENG019,2026-07-10,08:00:00,16:00:00,12:00:00,13:00:00,15:00:00,16:00:00
ENG019,2026-07-12,08:00:00,16:00:00,12:00:00,13:00:00,,
ENG019,2026-07-13,08:00:00,16:00:00,12:00:00,13:00:00,,
ENG019,2026-07-14,08:00:00,16:00:00,12:00:00,13:00:00,,
ENG019,2026-07-15,08:00:00,16:00:00,12:00:00,13:00:00,,
ENG019,2026-07-16,08:00:00,16:00:00,12:00:00,13:00:00,,
ENG019,2026-07-17,08:00:00,16:00:00,12:00:00,13:00:00,,
ENG019,2026-07-20,08:00:00,16:00:00,12:00:00,13:00:00,,
ENG019,2026-07-21,08:00:00,16:00:00,12:00:00,13:00:00,,
ENG019,2026-07-22,08:00:00,16:00:00,12:00:00,13:00:00,,
ENG019,2026-07-23,08:00:00,16:00:00,12:00:00,13:00:00,,
ENG019,2026-07-24,08:00:00,16:00:00,12:00:00,13:00:00,,
ENG019,2026-07-27,08:00:00,16:00:00,12:00:00,13:00:00,,
ENG019,2026-07-28,08:00:00,16:00:00,12:00:00,13:00:00,,
ENG019,2026-07-29,08:00:00,16:00:00,12:00:00,13:00:00,,
ENG019,2026-07-30,08:00:00,16:00:00,12:00:00,13:00:00,,
ENG019,2026-07-31,08:00:00,16:00:00,12:00:00,13:00:00,15:00:00,16:00:00
ENG019,2026-08-03,08:00:00,16:00:00,12:00:00,13:00:00,,
ENG019,2026-08-04,08:00:00,16:00:00,12:00:00,13:00:00,,
ENG020,2026-07-06,08:00:00,16:00:00,12:00:00,13:00:00,,
ENG020,2026-07-07,08:00:00,16:00:00,12:00:00,13:00:00,15:00:00,16:00:00
ENG020,2026-07-08,08:00:00,16:00:00,12:00:00,13:00:00,,
ENG020,2026-07-09,08:00:00,16:00:00,12:00:00,13:00:00,,
ENG020,2026-07-10,08:00:00,16:00:00,12:00:00,13:00:00,,
ENG020,2026-07-13,08:00:00,16:00:00,12:00:00,13:00:00,15:00:00,16:00:00
ENG020,2026-07-14,08:00:00,16:00:00,12:00:00,13:00:00,,
ENG020,2026-07-15,08:00:00,16:00:00,12:00:00,13:00:00,,
ENG020,2026-07-16,08:00:00,16:00:00,12:00:00,13:00:00,,
ENG020,2026-07-17,08:00:00,16:00:00,12:00:00,13:00:00,,
ENG020,2026-07-18,08:00:00,16:00:00,12:00:00,13:00:00,,
ENG020,2026-07-20,08:00:00,16:00:00,12:00:00,13:00:00,,
ENG020,2026-07-21,08:00:00,16:00:00,12:00:00,13:00:00,,
ENG020,2026-07-22,08:00:00,16:00:00,12:00:00,13:00:00,15:00:00,16:00:00
ENG020,2026-07-23,08:00:00,16:00:00,12:00:00,13:00:00,,
ENG020,2026-07-24,08:00:00,16:00:00,12:00:00,13:00:00,,
ENG020,2026-07-25,08:00:00,16:00:00,12:00:00,13:00:00,,
ENG020,2026-07-27,08:00:00,16:00:00,12:00:00,13:00:00,,
ENG020,2026-07-28,08:00:00,16:00:00,12:00:00,13:00:00,,
ENG020,2026-07-29,08:00:00,16:00:00,12:00:00,13:00:00,,
ENG020,2026-07-30,08:00:00,16:00:00,12:00:00,13:00:00,,
ENG020,2026-07-31,08:00:00,16:00:00,12:00:00,13:00:00,,
ENG020,2026-08-01,08:00:00,16:00:00,12:00:00,13:00:00,,
ENG020,2026-08-02,08:00:00,16:00:00,12:00:00,13:00:00,,
ENG020,2026-08-03,08:00:00,16:00:00,12:00:00,13:00:00,,
ENG020,2026-08-04,08:00:00,16:00:00,12:00:00,13:00:00,,
ENG021,2026-07-06,08:00:00,16:00:00,12:00:00,13:00:00,,
ENG021,2026-07-07,08:00:00,16:00:00,12:00:00,13:00:00,,
ENG021,2026-07-08,08:00:00,16:00:00,12:00:00,13:00:00,,
ENG021,2026-07-09,08:00:00,16:00:00,12:00:00,13:00:00,15:00:00,16:00:00
ENG021,2026-07-10,08:00:00,16:00:00,12:00:00,13:00:00,,
ENG021,2026-07-13,08:00:00,16:00:00,12:00:00,13:00:00,,
ENG021,2026-07-14,08:00:00,16:00:00,12:00:00,13:00:00,,
ENG021,2026-07-15,08:00:00,16:00:00,12:00:00,13:00:00,,
ENG021,2026-07-16,08:00:00,16:00:00,12:00:00,13:00:00,,
ENG021,2026-07-17,08:00:00,16:00:00,12:00:00,13:00:00,,
ENG021,2026-07-19,08:00:00,16:00:00,12:00:00,13:00:00,,
ENG021,2026-07-20,08:00:00,16:00:00,12:00:00,13:00:00,15:00:00,16:00:00
ENG021,2026-07-21,08:00:00,16:00:00,12:00:00,13:00:00,,
ENG021,2026-07-22,08:00:00,16:00:00,12:00:00,13:00:00,,
ENG021,2026-07-23,08:00:00,16:00:00,12:00:00,13:00:00,,
ENG021,2026-07-24,08:00:00,16:00:00,12:00:00,13:00:00,15:00:00,16:00:00
ENG021,2026-07-25,08:00:00,16:00:00,12:00:00,13:00:00,15:00:00,16:00:00
ENG021,2026-07-27,08:00:00,16:00:00,12:00:00,13:00:00,,
ENG021,2026-07-28,08:00:00,16:00:00,12:00:00,13:00:00,,
ENG021,2026-07-29,08:00:00,16:00:00,12:00:00,13:00:00,,
ENG021,2026-07-30,08:00:00,16:00:00,12:00:00,13:00:00,,
ENG021,2026-07-31,08:00:00,16:00:00,12:00:00,13:00:00,,
ENG021,2026-08-03,08:00:00,16:00:00,12:00:00,13:00:00,,
ENG021,2026-08-04,08:00:00,16:00:00,12:00:00,13:00:00,,
ENG022,2026-07-06,08:00:00,16:00:00,12:00:00,13:00:00,,
ENG022,2026-07-07,08:00:00,16:00:00,12:00:00,13:00:00,,
ENG022,2026-07-08,08:00:00,16:00:00,12:00:00,13:00:00,,
ENG022,2026-07-09,08:00:00,16:00:00,12:00:00,13:00:00,,
ENG022,2026-07-10,08:00:00,16:00:00,12:00:00,13:00:00,,
ENG022,2026-07-11,08:00:00,16:00:00,12:00:00,13:00:00,,
ENG022,2026-07-13,08:00:00,16:00:00,12:00:00,13:00:00,,
ENG022,2026-07-14,08:00:00,16:00:00,12:00:00,13:00:00,,
ENG022,2026-07-15,08:00:00,16:00:00,12:00:00,13:00:00,15:00:00,16:00:00
ENG022,2026-07-16,08:00:00,16:00:00,12:00:00,13:00:00,,
ENG022,2026-07-17,08:00:00,16:00:00,12:00:00,13:00:00,15:00:00,16:00:00
ENG022,2026-07-18,08:00:00,16:00:00,12:00:00,13:00:00,,
ENG022,2026-07-20,08:00:00,16:00:00,12:00:00,13:00:00,,
ENG022,2026-07-21,08:00:00,16:00:00,12:00:00,13:00:00,15:00:00,16:00:00
ENG022,2026-07-22,08:00:00,16:00:00,12:00:00,13:00:00,15:00:00,16:00:00
ENG022,2026-07-23,08:00:00,16:00:00,12:00:00,13:00:00,,
ENG022,2026-07-24,08:00:00,16:00:00,12:00:00,13:00:00,,
ENG022,2026-07-27,08:00:00,16:00:00,12:00:00,13:00:00,,
ENG022,2026-07-28,08:00:00,16:00:00,12:00:00,13:00:00,,
ENG022,2026-07-29,08:00:00,16:00:00,12:00:00,13:00:00,,
ENG022,2026-07-30,08:00:00,16:00:00,12:00:00,13:00:00,,
ENG022,2026-07-31,08:00:00,16:00:00,12:00:00,13:00:00,15:00:00,16:00:00
ENG022,2026-08-02,08:00:00,16:00:00,12:00:00,13:00:00,,
ENG022,2026-08-03,08:00:00,16:00:00,12:00:00,13:00:00,,
ENG022,2026-08-04,08:00:00,16:00:00,12:00:00,13:00:00,,
ENG023,2026-07-06,08:00:00,16:00:00,12:00:00,13:00:00,,
ENG023,2026-07-07,08:00:00,16:00:00,12:00:00,13:00:00,15:00:00,16:00:00
ENG023,2026-07-08,08:00:00,16:00:00,12:00:00,13:00:00,15:00:00,16:00:00
ENG023,2026-07-09,08:00:00,16:00:00,12:00:00,13:00:00,,
ENG023,2026-07-10,08:00:00,16:00:00,12:00:00,13:00:00,,
ENG023,2026-07-12,08:00:00,16:00:00,12:00:00,13:00:00,,
ENG023,2026-07-13,08:00:00,16:00:00,12:00:00,13:00:00,15:00:00,16:00:00
ENG023,2026-07-14,08:00:00,16:00:00,12:00:00,13:00:00,,
ENG023,2026-07-15,08:00:00,16:00:00,12:00:00,13:00:00,15:00:00,16:00:00
ENG023,2026-07-16,08:00:00,16:00:00,12:00:00,13:00:00,,
ENG023,2026-07-17,08:00:00,16:00:00,12:00:00,13:00:00,,
ENG023,2026-07-20,08:00:00,16:00:00,12:00:00,13:00:00,15:00:00,16:00:00
ENG023,2026-07-21,08:00:00,16:00:00,12:00:00,13:00:00,,
ENG023,2026-07-22,08:00:00,16:00:00,12:00:00,13:00:00,,
ENG023,2026-07-23,08:00:00,16:00:00,12:00:00,13:00:00,,
ENG023,2026-07-24,08:00:00,16:00:00,12:00:00,13:00:00,,
ENG023,2026-07-27,08:00:00,16:00:00,12:00:00,13:00:00,15:00:00,16:00:00
ENG023,2026-07-28,08:00:00,16:00:00,12:00:00,13:00:00,,
ENG023,2026-07-29,08:00:00,16:00:00,12:00:00,13:00:00,,
ENG023,2026-07-30,08:00:00,16:00:00,12:00:00,13:00:00,15:00:00,16:00:00
ENG023,2026-07-31,08:00:00,16:00:00,12:00:00,13:00:00,,
ENG023,2026-08-01,08:00:00,16:00:00,12:00:00,13:00:00,,
ENG023,2026-08-03,08:00:00,16:00:00,12:00:00,13:00:00,,
ENG023,2026-08-04,08:00:00,16:00:00,12:00:00,13:00:00,,
ENG024,2026-07-06,08:00:00,16:00:00,12:00:00,13:00:00,,
ENG024,2026-07-07,08:00:00,16:00:00,12:00:00,13:00:00,,
ENG024,2026-07-08,08:00:00,16:00:00,12:00:00,13:00:00,,
ENG024,2026-07-09,08:00:00,16:00:00,12:00:00,13:00:00,,
ENG024,2026-07-10,08:00:00,16:00:00,12:00:00,13:00:00,,
ENG024,2026-07-11,08:00:00,16:00:00,12:00:00,13:00:00,,
ENG024,2026-07-13,08:00:00,16:00:00,12:00:00,13:00:00,15:00:00,16:00:00
ENG024,2026-07-14,08:00:00,16:00:00,12:00:00,13:00:00,,
ENG024,2026-07-15,08:00:00,16:00:00,12:00:00,13:00:00,,
ENG024,2026-07-16,08:00:00,16:00:00,12:00:00,13:00:00,,
ENG024,2026-07-17,08:00:00,16:00:00,12:00:00,13:00:00,,
ENG024,2026-07-19,08:00:00,16:00:00,12:00:00,13:00:00,,
ENG024,2026-07-20,08:00:00,16:00:00,12:00:00,13:00:00,,
ENG024,2026-07-21,08:00:00,16:00:00,12:00:00,13:00:00,,
ENG024,2026-07-22,08:00:00,16:00:00,12:00:00,13:00:00,,
ENG024,2026-07-23,08:00:00,16:00:00,12:00:00,13:00:00,,
ENG024,2026-07-24,08:00:00,16:00:00,12:00:00,13:00:00,,
ENG024,2026-07-25,08:00:00,16:00:00,12:00:00,13:00:00,,
ENG024,2026-07-27,08:00:00,16:00:00,12:00:00,13:00:00,15:00:00,16:00:00
ENG024,2026-07-28,08:00:00,16:00:00,12:00:00,13:00:00,,
ENG024,2026-07-29,08:00:00,16:00:00,12:00:00,13:00:00,15:00:00,16:00:00
ENG024,2026-07-30,08:00:00,16:00:00,12:00:00,13:00:00,,
ENG024,2026-07-31,08:00:00,16:00:00,12:00:00,13:00:00,15:00:00,16:00:00
ENG024,2026-08-03,08:00:00,16:00:00,12:00:00,13:00:00,15:00:00,16:00:00
ENG024,2026-08-04,08:00:00,16:00:00,12:00:00,13:00:00,,
ENG025,2026-07-06,08:00:00,16:00:00,12:00:00,13:00:00,,
ENG025,2026-07-07,08:00:00,16:00:00,12:00:00,13:00:00,,
ENG025,2026-07-08,08:00:00,16:00:00,12:00:00,13:00:00,,
ENG025,2026-07-09,08:00:00,16:00:00,12:00:00,13:00:00,,
ENG025,2026-07-10,08:00:00,16:00:00,12:00:00,13:00:00,,
ENG025,2026-07-13,08:00:00,16:00:00,12:00:00,13:00:00,,
ENG025,2026-07-14,08:00:00,16:00:00,12:00:00,13:00:00,,
ENG025,2026-07-15,08:00:00,16:00:00,12:00:00,13:00:00,,
ENG025,2026-07-16,08:00:00,16:00:00,12:00:00,13:00:00,,
ENG025,2026-07-17,08:00:00,16:00:00,12:00:00,13:00:00,,
ENG025,2026-07-20,08:00:00,16:00:00,12:00:00,13:00:00,,
ENG025,2026-07-21,08:00:00,16:00:00,12:00:00,13:00:00,,
ENG025,2026-07-22,08:00:00,16:00:00,12:00:00,13:00:00,,
ENG025,2026-07-23,08:00:00,16:00:00,12:00:00,13:00:00,,
ENG025,2026-07-24,08:00:00,16:00:00,12:00:00,13:00:00,,
ENG025,2026-07-27,08:00:00,16:00:00,12:00:00,13:00:00,,
ENG025,2026-07-28,08:00:00,16:00:00,12:00:00,13:00:00,15:00:00,16:00:00
ENG025,2026-07-29,08:00:00,16:00:00,12:00:00,13:00:00,,
ENG025,2026-07-30,08:00:00,16:00:00,12:00:00,13:00:00,,
ENG025,2026-07-31,08:00:00,16:00:00,12:00:00,13:00:00,,
ENG025,2026-08-01,08:00:00,16:00:00,12:00:00,13:00:00,,
ENG025,2026-08-03,08:00:00,16:00:00,12:00:00,13:00:00,,
ENG025,2026-08-04,08:00:00,16:00:00,12:00:00,13:00:00,15:00:00,16:00:00
ENG026,2026-07-06,08:00:00,16:00:00,12:00:00,13:00:00,,
ENG026,2026-07-07,08:00:00,16:00:00,12:00:00,13:00:00,,
ENG026,2026-07-08,08:00:00,16:00:00,12:00:00,13:00:00,15:00:00,16:00:00
ENG026,2026-07-09,08:00:00,16:00:00,12:00:00,13:00:00,,
ENG026,2026-07-10,08:00:00,16:00:00,12:00:00,13:00:00,,
ENG026,2026-07-13,08:00:00,16:00:00,12:00:00,13:00:00,,
ENG026,2026-07-14,08:00:00,16:00:00,12:00:00,13:00:00,,
ENG026,2026-07-15,08:00:00,16:00:00,12:00:00,13:00:00,15:00:00,16:00:00
ENG026,2026-07-16,08:00:00,16:00:00,12:00:00,13:00:00,15:00:00,16:00:00
ENG026,2026-07-17,08:00:00,16:00:00,12:00:00,13:00:00,,
ENG026,2026-07-20,08:00:00,16:00:00,12:00:00,13:00:00,,
ENG026,2026-07-21,08:00:00,16:00:00,12:00:00,13:00:00,,
ENG026,2026-07-22,08:00:00,16:00:00,12:00:00,13:00:00,,
ENG026,2026-07-23,08:00:00,16:00:00,12:00:00,13:00:00,,
ENG026,2026-07-24,08:00:00,16:00:00,12:00:00,13:00:00,,
ENG026,2026-07-27,08:00:00,16:00:00,12:00:00,13:00:00,15:00:00,16:00:00
ENG026,2026-07-28,08:00:00,16:00:00,12:00:00,13:00:00,,
ENG026,2026-07-29,08:00:00,16:00:00,12:00:00,13:00:00,,
ENG026,2026-07-30,08:00:00,16:00:00,12:00:00,13:00:00,,
ENG026,2026-07-31,08:00:00,16:00:00,12:00:00,13:00:00,,
ENG026,2026-08-01,08:00:00,16:00:00,12:00:00,13:00:00,15:00:00,16:00:00
ENG026,2026-08-03,08:00:00,16:00:00,12:00:00,13:00:00,,
ENG026,2026-08-04,08:00:00,16:00:00,12:00:00,13:00:00,15:00:00,16:00:00
ENG027,2026-07-06,08:00:00,16:00:00,12:00:00,13:00:00,,
ENG027,2026-07-07,08:00:00,16:00:00,12:00:00,13:00:00,15:00:00,16:00:00
ENG027,2026-07-08,08:00:00,16:00:00,12:00:00,13:00:00,,
ENG027,2026-07-09,08:00:00,16:00:00,12:00:00,13:00:00,,
ENG027,2026-07-10,08:00:00,16:00:00,12:00:00,13:00:00,15:00:00,16:00:00
ENG027,2026-07-13,08:00:00,16:00:00,12:00:00,13:00:00,15:00:00,16:00:00
ENG027,2026-07-14,08:00:00,16:00:00,12:00:00,13:00:00,,
ENG027,2026-07-15,08:00:00,16:00:00,12:00:00,13:00:00,,
ENG027,2026-07-16,08:00:00,16:00:00,12:00:00,13:00:00,,
ENG027,2026-07-17,08:00:00,16:00:00,12:00:00,13:00:00,,
ENG027,2026-07-20,08:00:00,16:00:00,12:00:00,13:00:00,,
ENG027,2026-07-21,08:00:00,16:00:00,12:00:00,13:00:00,,
ENG027,2026-07-22,08:00:00,16:00:00,12:00:00,13:00:00,,
ENG027,2026-07-23,08:00:00,16:00:00,12:00:00,13:00:00,15:00:00,16:00:00
ENG027,2026-07-24,08:00:00,16:00:00,12:00:00,13:00:00,15:00:00,16:00:00
ENG027,2026-07-25,08:00:00,16:00:00,12:00:00,13:00:00,,
ENG027,2026-07-27,08:00:00,16:00:00,12:00:00,13:00:00,,
ENG027,2026-07-28,08:00:00,16:00:00,12:00:00,13:00:00,,
ENG027,2026-07-29,08:00:00,16:00:00,12:00:00,13:00:00,,
ENG027,2026-07-30,08:00:00,16:00:00,12:00:00,13:00:00,,
ENG027,2026-07-31,08:00:00,16:00:00,12:00:00,13:00:00,,
ENG027,2026-08-03,08:00:00,16:00:00,12:00:00,13:00:00,,
ENG027,2026-08-04,08:00:00,16:00:00,12:00:00,13:00:00,,
ENG028,2026-07-06,08:00:00,16:00:00,12:00:00,13:00:00,,
ENG028,2026-07-07,08:00:00,16:00:00,12:00:00,13:00:00,,
ENG028,2026-07-08,08:00:00,16:00:00,12:00:00,13:00:00,,
ENG028,2026-07-09,08:00:00,16:00:00,12:00:00,13:00:00,15:00:00,16:00:00
ENG028,2026-07-10,08:00:00,16:00:00,12:00:00,13:00:00,,
ENG028,2026-07-11,08:00:00,16:00:00,12:00:00,13:00:00,,
ENG028,2026-07-13,08:00:00,16:00:00,12:00:00,13:00:00,,
ENG028,2026-07-14,08:00:00,16:00:00,12:00:00,13:00:00,15:00:00,16:00:00
ENG028,2026-07-15,08:00:00,16:00:00,12:00:00,13:00:00,,
ENG028,2026-07-16,08:00:00,16:00:00,12:00:00,13:00:00,,
ENG028,2026-07-17,08:00:00,16:00:00,12:00:00,13:00:00,,
ENG028,2026-07-20,08:00:00,16:00:00,12:00:00,13:00:00,15:00:00,16:00:00
ENG028,2026-07-21,08:00:00,16:00:00,12:00:00,13:00:00,,
ENG028,2026-07-22,08:00:00,16:00:00,12:00:00,13:00:00,,
ENG028,2026-07-23,08:00:00,16:00:00,12:00:00,13:00:00,,
ENG028,2026-07-24,08:00:00,16:00:00,12:00:00,13:00:00,,
ENG028,2026-07-27,08:00:00,16:00:00,12:00:00,13:00:00,,
ENG028,2026-07-28,08:00:00,16:00:00,12:00:00,13:00:00,15:00:00,16:00:00
ENG028,2026-07-29,08:00:00,16:00:00,12:00:00,13:00:00,,
ENG028,2026-07-30,08:00:00,16:00:00,12:00:00,13:00:00,15:00:00,16:00:00
ENG028,2026-07-31,08:00:00,16:00:00,12:00:00,13:00:00,,
ENG028,2026-08-03,08:00:00,16:00:00,12:00:00,13:00:00,,
ENG028,2026-08-04,08:00:00,16:00:00,12:00:00,13:00:00,,
ENG029,2026-07-06,08:00:00,16:00:00,12:00:00,13:00:00,15:00:00,16:00:00
ENG029,2026-07-07,08:00:00,16:00:00,12:00:00,13:00:00,15:00:00,16:00:00
ENG029,2026-07-08,08:00:00,16:00:00,12:00:00,13:00:00,,
ENG029,2026-07-09,08:00:00,16:00:00,12:00:00,13:00:00,,
ENG029,2026-07-10,08:00:00,16:00:00,12:00:00,13:00:00,,
ENG029,2026-07-12,08:00:00,16:00:00,12:00:00,13:00:00,,
ENG029,2026-07-13,08:00:00,16:00:00,12:00:00,13:00:00,,
ENG029,2026-07-14,08:00:00,16:00:00,12:00:00,13:00:00,,
ENG029,2026-07-15,08:00:00,16:00:00,12:00:00,13:00:00,,
ENG029,2026-07-16,08:00:00,16:00:00,12:00:00,13:00:00,15:00:00,16:00:00
ENG029,2026-07-17,08:00:00,16:00:00,12:00:00,13:00:00,,
ENG029,2026-07-20,08:00:00,16:00:00,12:00:00,13:00:00,,
ENG029,2026-07-21,08:00:00,16:00:00,12:00:00,13:00:00,,
ENG029,2026-07-22,08:00:00,16:00:00,12:00:00,13:00:00,,
ENG029,2026-07-23,08:00:00,16:00:00,12:00:00,13:00:00,15:00:00,16:00:00
ENG029,2026-07-24,08:00:00,16:00:00,12:00:00,13:00:00,,
ENG029,2026-07-27,08:00:00,16:00:00,12:00:00,13:00:00,15:00:00,16:00:00
ENG029,2026-07-28,08:00:00,16:00:00,12:00:00,13:00:00,,
ENG029,2026-07-29,08:00:00,16:00:00,12:00:00,13:00:00,,
ENG029,2026-07-30,08:00:00,16:00:00,12:00:00,13:00:00,15:00:00,16:00:00
ENG029,2026-07-31,08:00:00,16:00:00,12:00:00,13:00:00,,
ENG029,2026-08-02,08:00:00,16:00:00,12:00:00,13:00:00,,
ENG029,2026-08-03,08:00:00,16:00:00,12:00:00,13:00:00,15:00:00,16:00:00
ENG029,2026-08-04,08:00:00,16:00:00,12:00:00,13:00:00,,
ENG030,2026-07-06,08:00:00,16:00:00,12:00:00,13:00:00,15:00:00,16:00:00
ENG030,2026-07-07,08:00:00,16:00:00,12:00:00,13:00:00,,
ENG030,2026-07-08,08:00:00,16:00:00,12:00:00,13:00:00,,
ENG030,2026-07-09,08:00:00,16:00:00,12:00:00,13:00:00,,
ENG030,2026-07-10,08:00:00,16:00:00,12:00:00,13:00:00,15:00:00,16:00:00
ENG030,2026-07-13,08:00:00,16:00:00,12:00:00,13:00:00,,
ENG030,2026-07-14,08:00:00,16:00:00,12:00:00,13:00:00,15:00:00,16:00:00
ENG030,2026-07-15,08:00:00,16:00:00,12:00:00,13:00:00,15:00:00,16:00:00
ENG030,2026-07-16,08:00:00,16:00:00,12:00:00,13:00:00,,
ENG030,2026-07-17,08:00:00,16:00:00,12:00:00,13:00:00,,
ENG030,2026-07-20,08:00:00,16:00:00,12:00:00,13:00:00,,
ENG030,2026-07-21,08:00:00,16:00:00,12:00:00,13:00:00,,
ENG030,2026-07-22,08:00:00,16:00:00,12:00:00,13:00:00,,
ENG030,2026-07-23,08:00:00,16:00:00,12:00:00,13:00:00,,
ENG030,2026-07-24,08:00:00,16:00:00,12:00:00,13:00:00,,
ENG030,2026-07-25,08:00:00,16:00:00,12:00:00,13:00:00,,
ENG030,2026-07-27,08:00:00,16:00:00,12:00:00,13:00:00,,
ENG030,2026-07-28,08:00:00,16:00:00,12:00:00,13:00:00,,
ENG030,2026-07-29,08:00:00,16:00:00,12:00:00,13:00:00,,
ENG030,2026-07-30,08:00:00,16:00:00,12:00:00,13:00:00,,
ENG030,2026-07-31,08:00:00,16:00:00,12:00:00,13:00:00,,
ENG030,2026-08-03,08:00:00,16:00:00,12:00:00,13:00:00,,
ENG030,2026-08-04,08:00:00,16:00:00,12:00:00,13:00:00,,
