date,eng_skill_type,gross_hours,non_productive_event,overtime,available_hours
2026-07-09,London,Installation,2796,298,177,895
2026-07-10,London,Installation,2779,240,67,1974
2026-07-11,London,Repair,2977,212,112,2568
2026-07-12,London,Installation,1244,104,70,2329
2026-07-13,London,Installation,1196,190,36,1274
2026-07-14,London,Repair,1135,129,167,1599
2026-07-15,London,Service,2081,287,89,1699
2026-07-16,London,Installation,2549,144,58,2487
2026-07-17,London,Repair,1346,155,195,2710
2026-07-18,London,Service,2710,274,195,1459
2026-07-19,London,Service,1729,244,80,1257
2026-07-20,London,Repair,2224,233,122,2699
2026-07-21,London,Service,1301,112,43,2391
2026-07-22,London,Repair,1125,297,43,1020
2026-07-23,London,Repair,2988,139,103,1117
2026-07-24,London,Repair,2481,135,180,1174
2026-07-25,London,Service,2311,270,54,2600
2026-07-26,London,Installation,1112,142,14,1378
2026-07-27,London,Repair,2253,214,78,2278
2026-07-28,London,Service,1810,119,19,2249
2026-07-29,London,Repair,1281,271,141,1331
2026-07-30,London,Service,2072,183,38,1876
2026-07-31,London,Repair,1256,173,157,2239
2026-08-01,London,Installation,2531,210,47,2519
2026-08-02,London,Service,2695,299,164,2266
2026-08-03,London,Service,1516,141,105,1484
2026-08-04,London,Service,2843,297,77,1864
2026-08-05,London,Installation,2269,280,31,1515
2026-08-07,London,Installation,1121,236,178,2448
2026-08-08,London,Repair,1335,136,90,1801
2026-08-09,London,Repair,1928,239,196,2112
2026-08-10,London,Installation,1407,174,83,1413
2026-08-11,London,Service,2194,245,105,1974
2026-08-12,London,Service,2047,182,175,820
2026-08-13,London,Service,2978,138,104,2289
2026-08-14,London,Service,2940,189,134,2376
2026-08-15,London,Repair,2900,242,19,1151
2026-08-16,London,Installation,1482,221,124,1380
2026-08-17,London,Service,2222,210,45,1285
2026-08-18,London,Service,2080,129,49,1448
2026-08-19,London,Repair,2929,220,10,1126
2026-08-20,London,Service,2017,162,32,2389
2026-08-21,London,Installation,1588,179,10,2771
2026-08-22,London,Repair,1875,155,35,942
2026-08-23,London,Service,1096,151,36,1724
2026-08-24,London,Service,1853,283,50,1634
2026-08-25,London,Installation,1764,190,94,947
2026-08-26,London,Service,1182,110,130,2407
2026-08-27,London,Service,1346,297,58,1216
2026-08-28,London,Repair,2489,276,96,2133
2026-08-29,London,Service,1100,235,2,2398
2026-08-30,London,Service,2737,263,158,2535
2026-08-31,London,Repair,2084,112,74,2030
2026-09-01,London,Service,2899,145,70,1965
2026-09-02,London,Repair,2621,145,188,815
2026-09-03,London,Service,1499,296,130,1247
2026-09-04,London,Repair,1793,161,49,1687
2026-09-05,London,Installation,2647,107,136,1543
2026-09-06,London,Service,1804,271,38,2182
2026-09-07,London,Repair,2271,110,8,991
2026-09-08,London,Service,2467,172,17,1635
2026-09-09,London,Service,2890,147,98,2634
2026-09-10,London,Installation,1469,193,62,2362
2026-09-11,London,Service,2610,243,125,2060
2026-09-12,London,Service,2063,207,54,2703
2026-09-13,London,Installation,2864,215,187,1755
2026-09-14,London,Repair,1273,136,23,1999
2026-09-15,London,Installation,1241,261,41,2529
2026-09-16,London,Service,1071,242,131,2123
2026-09-17,London,Service,1376,258,96,1728
2026-09-18,London,Installation,1156,193,4,2594
2026-09-19,London,Repair,1509,264,179,2730
2026-09-20,London,Service,1195,211,80,1075
2026-09-21,London,Installation,2666,182,139,2351
2026-09-22,London,Installation,1314,281,76,2771
2026-09-23,London,Repair,2160,114,36,1072
2026-09-24,London,Service,2033,286,9,2534
2026-09-25,London,Repair,1575,256,65,902
2026-09-26,London,Service,1451,126,11,1869
2026-09-27,London,Installation,1081,284,175,2224
2026-09-28,London,Installation,2858,273,26,1932
2026-09-29,London,Repair,1012,267,152,2721
2026-09-30,London,Installation,2250,285,147,2723
2026-10-01,London,Installation,2031,132,188,2208
2026-10-02,London,Repair,2119,167,57,2648
2026-10-03,London,Service,1740,102,193,2515
2026-10-04,London,Service,2707,135,133,2014
2026-10-05,London,Service,1655,216,116,1044
2026-10-06,London,Repair,1272,246,133,1867
2026-10-07,London,Repair,1574,280,167,2501
2026-10-08,London,Service,2918,177,50,1091
2026-10-09,London,Repair,1442,264,110,1434
2026-10-10,London,Installation,1550,254,34,988
2026-10-11,London,Repair,1999,108,101,1620
2026-10-12,London,Repair,1117,300,136,1161
2026-10-13,London,Repair,2170,290,47,2393
2026-10-14,London,Service,2988,136,134,2337
2026-10-15,London,Service,1780,231,30,995
2026-10-16,London,Service,2285,163,0,2593
2026-10-17,London,Installation,2737,108,4,1145
2026-10-18,London,Repair,1765,279,2,1961
2026-10-19,London,Repair,1575,149,158,2279
2026-10-20,London,Installation,1056,247,70,1101
2026-10-21,London,Service,2080,299,130,1643
2026-10-22,London,Service,2649,117,28,1849
2026-10-23,London,Service,1610,158,46,2150
2026-10-24,London,Service,1831,266,41,1196
2026-10-25,London,Installation,2559,151,89,1836
2026-10-26,London,Installation,2780,163,20,1586
2026-10-27,London,Repair,1040,205,197,825
2026-10-28,London,Service,1323,136,186,1757
2026-10-29,London,Service,2241,120,138,1824
2026-07-09,South East,Installation,1005,155,154,998
2026-07-10,South East,Service,1528,233,153,1473
2026-07-11,South East,Installation,2813,281,157,948
2026-07-12,South East,Installation,1854,123,104,1971
2026-07-13,South East,Repair,1220,216,53,2112
2026-07-14,South East,Installation,2991,104,141,2408
2026-07-15,South East,Service,2962,216,59,2160
2026-07-16,South East,Repair,1815,183,1,2062
2026-07-17,South East,Repair,2711,195,161,2233
2026-07-18,South East,Repair,2122,267,160,969
2026-07-19,South East,Installation,1553,208,112,2022
2026-07-20,South East,Installation,2297,222,159,1532
2026-07-21,South East,Installation,1624,237,109,2390
2026-07-22,South East,Installation,2436,196,78,810
2026-07-23,South East,Repair,1384,297,69,970
2026-07-24,South East,Service,2604,175,84,954
2026-07-25,South East,Service,2450,236,24,970
2026-07-26,South East,Repair,1444,172,74,2658
2026-07-27,South East,Service,1792,213,134,2157
2026-07-28,South East,Service,1258,192,30,1266
2026-07-29,South East,Repair,2535,287,111,2258
2026-07-30,South East,Repair,1681,176,110,959
2026-07-31,South East,Installation,1868,290,69,1534
2026-08-01,South East,Repair,1399,178,132,1002
2026-08-02,South East,Installation,1019,194,22,925
2026-08-03,South East,Installation,1455,251,89,2403
2026-08-04,South East,Repair,1437,148,127,979
2026-08-05,South East,Installation,2179,223,7,2110
2026-08-07,South East,Repair,2648,211,120,819
2026-08-08,South East,Installation,2616,205,182,2455
2026-08-09,South East,Repair,2857,101,105,2276
2026-08-10,South East,Repair,2571,188,111,1522
2026-08-11,South East,Service,2939,235,158,1866
2026-08-12,South East,Service,1229,270,192,2795
2026-08-13,South East,Installation,1440,113,69,2313
2026-08-14,South East,Repair,2586,248,82,1389
2026-08-15,South East,Repair,2336,274,102,1087
2026-08-16,South East,Service,2888,174,18,2695
2026-08-17,South East,Service,2813,103,119,1413
2026-08-18,South East,Repair,2569,264,8,1282
2026-08-19,South East,Repair,1406,136,143,2042
2026-08-20,South East,Repair,2697,107,67,2433
2026-08-21,South East,Repair,2891,104,81,2753
2026-08-22,South East,Service,2729,268,198,1151
2026-08-23,South East,Repair,2206,123,63,2242
2026-08-24,South East,Repair,1232,104,63,2502
2026-08-25,South East,Installation,2979,162,132,1061
2026-08-26,South East,Service,1611,251,68,1848
2026-08-27,South East,Repair,2853,183,102,2793
2026-08-28,South East,Service,2366,265,168,1893
2026-08-29,South East,Repair,1939,210,42,1440
2026-08-30,South East,Repair,2673,194,163,1207
2026-08-31,South East,Installation,1834,188,55,1761
2026-09-01,South East,Installation,1245,111,107,1261
2026-09-02,South East,Repair,1108,294,183,1202
2026-09-03,South East,Service,2537,102,185,2011
2026-09-04,South East,Service,1423,297,94,2108
2026-09-05,South East,Service,1906,132,105,2604
2026-09-06,South East,Service,2656,231,13,1617
2026-09-07,South East,Service,2982,254,130,2062
2026-09-08,South East,Service,1286,166,173,1252
2026-09-09,South East,Service,2811,296,161,2036
2026-09-10,South East,Repair,2614,242,176,841
2026-09-11,South East,Installation,1742,296,11,2100
2026-09-12,South East,Service,2393,102,16,2587
2026-09-13,South East,Installation,1236,151,48,1363
2026-09-14,South East,Service,1806,295,193,1953
2026-09-15,South East,Installation,1611,289,142,1300
2026-09-16,South East,Service,1129,120,53,2467
2026-09-17,South East,Service,2610,156,93,1574
2026-09-18,South East,Service,2799,240,158,2183
2026-09-19,South East,Installation,2239,106,68,2176
2026-09-20,South East,Repair,1667,232,136,1793
2026-09-21,South East,Installation,2898,215,132,1125
2026-09-22,South East,Installation,1322,266,84,1459
2026-09-23,South East,Installation,2222,295,31,2348
2026-09-24,South East,Service,1299,149,39,1633
2026-09-25,South East,Service,1328,186,161,2061
2026-09-26,South East,Repair,1434,154,101,998
2026-09-27,South East,Installation,2597,297,173,1783
2026-09-28,South East,Service,2140,126,114,2118
2026-09-29,South East,Installation,1105,140,0,2647
2026-09-30,South East,Installation,2322,105,73,2594
2026-10-01,South East,Installation,2680,251,185,2721
2026-10-02,South East,Service,2669,250,39,861
2026-10-03,South East,Installation,2189,171,5,1290
2026-10-04,South East,Installation,2052,170,71,1801
2026-10-05,South East,Installation,2860,207,182,1830
2026-10-06,South East,Repair,1113,252,117,2201
2026-10-07,South East,Installation,1914,103,35,1157
2026-10-08,South East,Service,1945,140,199,972
2026-10-09,South East,Installation,1251,116,185,968
2026-10-10,South East,Service,2595,204,189,1166
2026-10-11,South East,Service,1409,191,108,1407
2026-10-12,South East,Repair,2112,125,81,2434
2026-10-13,South East,Installation,2750,170,86,1940
2026-10-14,South East,Service,1755,155,3,1610
2026-10-15,South East,Service,2413,121,195,1065
2026-10-16,South East,Repair,2297,213,90,2158
2026-10-17,South East,Repair,2598,266,115,2551
2026-10-18,South East,Service,2945,255,107,1681
2026-10-19,South East,Service,2008,124,1,1133
2026-10-20,South East,Service,2171,267,28,2781
2026-10-21,South East,Service,1047,110,165,1909
2026-10-22,South East,Service,1735,241,194,1287
2026-10-23,South East,Service,1391,262,40,1640
2026-10-24,South East,Repair,2677,189,128,1565
2026-10-25,South East,Service,1237,167,104,1300
2026-10-26,South East,Service,1278,275,175,934
2026-10-27,South East,Installation,1642,215,199,1372
2026-10-28,South East,Installation,2578,249,11,1210
2026-10-29,South East,Service,2082,106,179,832
2026-07-09,South West,Installation,1334,165,111,1076
2026-07-10,South West,Installation,2022,255,14,1998
2026-07-11,South West,Repair,2172,238,15,1186
2026-07-12,South West,Repair,2889,162,115,1001
2026-07-13,South West,Service,1226,124,58,1729
2026-07-14,South West,Installation,2166,196,96,890
2026-07-15,South West,Service,2015,179,107,1971
2026-07-16,South West,Service,2566,160,42,1821
2026-07-17,South West,Installation,2187,207,185,2126
2026-07-18,South West,Repair,1395,142,106,1153
2026-07-19,South West,Installation,2257,184,76,2639
2026-07-20,South West,Service,1015,294,152,1939
2026-07-21,South West,Service,1766,198,46,2112
2026-07-22,South West,Service,2058,123,4,2212
2026-07-23,South West,Service,2248,193,137,1983
2026-07-24,South West,Service,2282,176,58,931
2026-07-25,South West,Service,2952,158,48,1897
2026-07-26,South West,Service,1633,224,128,1434
2026-07-27,South West,Service,1183,207,35,2289
2026-07-28,South West,Repair,2032,247,95,1389
2026-07-29,South West,Repair,1227,198,52,2443
2026-07-30,South West,Installation,1622,277,181,940
2026-07-31,South West,Service,1762,112,33,1014
2026-08-01,South West,Installation,1125,205,115,894
2026-08-02,South West,Repair,1303,232,68,1302
2026-08-03,South West,Repair,2520,253,36,1636
2026-08-04,South West,Repair,1522,169,112,962
2026-08-05,South West,Service,1785,224,70,961
2026-08-07,South West,Service,2291,294,47,1268
2026-08-08,South West,Installation,2091,224,39,2533
2026-08-09,South West,Installation,1179,235,51,2583
2026-08-10,South West,Service,1228,289,161,2567
2026-08-11,South West,Installation,1704,132,102,882
2026-08-12,South West,Installation,1629,103,45,2317
2026-08-13,South West,Repair,2778,224,159,1581
2026-08-14,South West,Repair,2171,146,199,1088
2026-08-15,South West,Repair,1387,197,40,2271
2026-08-16,South West,Repair,2938,281,103,2361
2026-08-17,South West,Repair,2641,180,44,2241
2026-08-18,South West,Repair,1700,246,21,2014
2026-08-19,South West,Installation,1502,173,60,1441
2026-08-20,South West,Installation,1193,140,43,2565
2026-08-21,South West,Service,1067,288,155,1324
2026-08-22,South West,Repair,2770,223,53,2224
2026-08-23,South West,Installation,2166,245,119,1514
2026-08-24,South West,Service,1218,222,101,1845
2026-08-25,South West,Repair,1328,275,46,1134
2026-08-26,South West,Service,2699,175,86,2345
2026-08-27,South West,Installation,2027,257,12,2632
2026-08-28,South West,Repair,1638,120,120,2302
2026-08-29,South West,Repair,2175,251,187,974
2026-08-30,South West,Service,1921,274,60,1177
2026-08-31,South West,Installation,1775,107,135,1058
2026-09-01,South West,Repair,2478,122,160,2015
2026-09-02,South West,Installation,2744,161,6,2055
2026-09-03,South West,Repair,1540,152,193,1549
2026-09-04,South West,Repair,1561,266,128,1314
2026-09-05,South West,Installation,2647,171,145,2435
2026-09-06,South West,Repair,1398,254,99,2467
2026-09-07,South West,Repair,1568,201,159,1426
2026-09-08,South West,Repair,2543,212,35,2563
2026-09-09,South West,Installation,1376,296,16,2364
2026-09-10,South West,Repair,1637,272,129,2606
2026-09-11,South West,Service,2393,160,184,2020
2026-09-12,South West,Installation,1353,121,10,1267
2026-09-13,South West,Repair,1412,279,83,1312
2026-09-14,South West,Installation,2254,217,120,2562
2026-09-15,South West,Installation,1731,265,142,968
2026-09-16,South West,Service,1532,100,163,2533
2026-09-17,South West,Repair,2643,106,98,992
2026-09-18,South West,Service,1870,153,84,2068
2026-09-19,South West,Repair,1361,203,81,1470
2026-09-20,South West,Service,1118,170,159,815
2026-09-21,South West,Installation,1770,267,51,2171
2026-09-22,South West,Repair,2822,161,155,2458
2026-09-23,South West,Repair,2812,163,179,1023
2026-09-24,South West,Installation,2021,249,85,1761
2026-09-25,South West,Service,1610,176,164,1577
2026-09-26,South West,Repair,2277,294,29,2129
2026-09-27,South West,Installation,2105,205,143,1036
2026-09-28,South West,Service,2429,121,185,2490
2026-09-29,South West,Repair,1481,268,144,1478
2026-09-30,South West,Installation,2805,172,131,1095
2026-10-01,South West,Installation,2394,169,180,2531
2026-10-02,South West,Service,2940,237,200,2321
2026-10-03,South West,Installation,1979,138,61,2651
2026-10-04,South West,Service,1355,182,177,2498
2026-10-05,South West,Repair,1121,280,94,1719
2026-10-06,South West,Service,1946,176,75,1260
2026-10-07,South West,Service,2577,258,68,1287
2026-10-08,South West,Repair,2402,288,141,1439
2026-10-09,South West,Service,1823,100,109,1237
2026-10-10,South West,Repair,1488,176,126,1740
2026-10-11,South West,Repair,2064,251,23,1226
2026-10-12,South West,Repair,1589,203,186,2619
2026-10-13,South West,Installation,2285,115,65,2202
2026-10-14,South West,Repair,1336,255,59,1623
2026-10-15,South West,Service,2571,152,183,2199
2026-10-16,South West,Installation,1729,271,181,1489
2026-10-17,South West,Repair,2516,213,179,1434
2026-10-18,South West,Service,1820,129,156,2741
2026-10-19,South West,Installation,1251,150,29,2338
2026-10-20,South West,Repair,1569,235,186,1373
2026-10-21,South West,Installation,1943,187,61,2799
2026-10-22,South West,Service,2321,124,69,906
2026-10-23,South West,Service,1038,108,37,2271
2026-10-24,South West,Repair,1951,112,149,1989
2026-10-25,South West,Service,2805,224,163,2246
2026-10-26,South West,Service,1724,216,111,1395
2026-10-27,South West,Service,1919,253,56,2537
2026-10-28,South West,Installation,1272,106,176,1022
2026-10-29,South West,Repair,2939,256,130,2523
2026-07-09,Midlands,Installation,2600,128,42,2693
2026-07-10,Midlands,Service,1915,230,4,2372
2026-07-11,Midlands,Installation,1661,261,186,1755
2026-07-12,Midlands,Installation,1625,122,47,1791
2026-07-13,Midlands,Repair,1113,224,26,1165
2026-07-14,Midlands,Service,1464,287,107,2462
2026-07-15,Midlands,Repair,1906,211,160,2779
2026-07-16,Midlands,Installation,1055,272,99,875
2026-07-17,Midlands,Installation,2115,292,151,2263
2026-07-18,Midlands,Installation,2015,101,27,2077
2026-07-19,Midlands,Repair,1360,180,175,1253
2026-07-20,Midlands,Repair,1128,144,140,1657
2026-07-21,Midlands,Service,2198,127,83,810
2026-07-22,Midlands,Service,2909,242,137,997
2026-07-23,Midlands,Installation,1653,145,146,1374
2026-07-24,Midlands,Installation,2071,100,64,1201
2026-07-25,Midlands,Installation,2118,126,189,865
2026-07-26,Midlands,Repair,1951,225,75,1569
2026-07-27,Midlands,Service,1370,115,60,1633
2026-07-28,Midlands,Service,2196,111,88,2784
2026-07-29,Midlands,Service,1898,101,195,1306
2026-07-30,Midlands,Installation,2240,249,19,2496
2026-07-31,Midlands,Repair,2775,199,81,1192
2026-08-01,Midlands,Repair,2831,117,65,1755
2026-08-02,Midlands,Repair,1626,224,173,1225
2026-08-03,Midlands,Installation,1123,279,44,1896
2026-08-04,Midlands,Repair,1737,283,138,2209
2026-08-05,Midlands,Installation,1219,262,116,1533
2026-08-07,Midlands,Service,1262,197,133,2781
2026-08-08,Midlands,Installation,2923,266,26,1854
2026-08-09,Midlands,Service,1789,202,104,1847
2026-08-10,Midlands,Installation,2920,263,44,837
2026-08-11,Midlands,Service,1259,225,43,2602
2026-08-12,Midlands,Installation,2298,214,94,2342
2026-08-13,Midlands,Repair,2689,238,29,2501
2026-08-14,Midlands,Installation,1916,280,52,2796
2026-08-15,Midlands,Repair,1215,126,87,1207
2026-08-16,Midlands,Installation,2759,249,192,1458
2026-08-17,Midlands,Service,2719,179,45,2373
2026-08-18,Midlands,Repair,1760,290,18,1745
2026-08-19,Midlands,Repair,1921,131,159,2018
2026-08-20,Midlands,Installation,1935,248,108,2109
2026-08-21,Midlands,Repair,2542,190,115,2765
2026-08-22,Midlands,Installation,1008,171,120,1205
2026-08-23,Midlands,Repair,1113,109,72,1319
2026-08-24,Midlands,Repair,2944,139,183,2765
2026-08-25,Midlands,Service,2564,177,40,1254
2026-08-26,Midlands,Repair,2528,156,113,1985
2026-08-27,Midlands,Service,2525,277,8,1295
2026-08-28,Midlands,Service,2700,276,100,964
2026-08-29,Midlands,Repair,2596,253,90,1892
2026-08-30,Midlands,Installation,1482,266,37,2135
2026-08-31,Midlands,Repair,1227,298,172,1048
2026-09-01,Midlands,Installation,2952,272,197,1051
2026-09-02,Midlands,Installation,2718,231,30,963
2026-09-03,Midlands,Service,2623,120,96,1542
2026-09-04,Midlands,Service,2529,224,42,1042
2026-09-05,Midlands,Service,2396,119,2,983
2026-09-06,Midlands,Repair,1352,128,97,1220
2026-09-07,Midlands,Repair,2565,172,104,2618
2026-09-08,Midlands,Repair,2606,237,40,2202
2026-09-09,Midlands,Installation,1040,159,157,1453
2026-09-10,Midlands,Installation,1269,233,31,1167
2026-09-11,Midlands,Repair,2325,120,11,1243
2026-09-12,Midlands,Installation,1641,246,54,2486
2026-09-13,Midlands,Service,1822,298,168,1058
2026-09-14,Midlands,Service,1438,196,132,2209
2026-09-15,Midlands,Installation,2996,181,135,845
2026-09-16,Midlands,Installation,1760,254,55,1355
2026-09-17,Midlands,Service,1505,174,74,2670
2026-09-18,Midlands,Installation,1730,186,105,2465
2026-09-19,Midlands,Repair,1397,220,103,2272
2026-09-20,Midlands,Installation,1212,126,129,2445
2026-09-21,Midlands,Installation,2396,254,73,2029
2026-09-22,Midlands,Repair,2816,156,166,1039
2026-09-23,Midlands,Repair,1585,290,85,2497
2026-09-24,Midlands,Service,2203,225,101,1596
2026-09-25,Midlands,Service,1804,154,103,1368
2026-09-26,Midlands,Installation,1067,131,89,1696
2026-09-27,Midlands,Service,2374,243,64,1227
2026-09-28,Midlands,Installation,1238,155,156,1512
2026-09-29,Midlands,Service,2281,273,94,2137
2026-09-30,Midlands,Installation,2956,182,64,1727
2026-10-01,Midlands,Service,2617,166,95,2466
2026-10-02,Midlands,Service,2159,208,137,2061
2026-10-03,Midlands,Service,1766,268,165,1858
2026-10-04,Midlands,Repair,1578,179,19,2709
2026-10-05,Midlands,Service,2873,101,165,1056
2026-10-06,Midlands,Installation,1846,151,26,1841
2026-10-07,Midlands,Repair,1643,220,125,1861
2026-10-08,Midlands,Repair,2579,235,60,2192
2026-10-09,Midlands,Repair,1409,267,148,920
2026-10-10,Midlands,Service,2935,124,140,2430
2026-10-11,Midlands,Service,1569,226,54,1324
2026-10-12,Midlands,Service,1803,230,1,1063
2026-10-13,Midlands,Service,1839,121,195,2264
2026-10-14,Midlands,Service,1131,298,114,1195
2026-10-15,Midlands,Service,2439,187,142,1341
2026-10-16,Midlands,Installation,1118,170,144,1537
2026-10-17,Midlands,Service,2823,216,156,1680
2026-10-18,Midlands,Repair,2130,208,32,2145
2026-10-19,Midlands,Installation,2265,213,88,1271
2026-10-20,Midlands,Installation,1435,208,44,1497
2026-10-21,Midlands,Installation,1488,151,74,1288
2026-10-22,Midlands,Service,2324,246,59,1363
2026-10-23,Midlands,Repair,1758,220,19,2013
2026-10-24,Midlands,Installation,2252,252,127,1779
2026-10-25,Midlands,Installation,1883,208,9,2109
2026-10-26,Midlands,Service,2026,215,140,2081
2026-10-27,Midlands,Installation,2097,111,68,1447
2026-10-28,Midlands,Installation,1853,210,89,1794
2026-10-29,Midlands,Repair,2392,130,69,1683
2026-07-09,North West,Installation,1157,297,10,1215
2026-07-10,North West,Repair,2522,255,86,1133
2026-07-11,North West,Service,1100,273,139,1163
2026-07-12,North West,Service,2353,269,5,1770
2026-07-13,North West,Installation,1966,124,14,1586
2026-07-14,North West,Installation,2232,259,130,1882
2026-07-15,North West,Service,1353,275,159,843
2026-07-16,North West,Repair,2391,234,181,2232
2026-07-17,North West,Repair,2124,292,155,2525
2026-07-18,North West,Service,1467,269,42,2094
2026-07-19,North West,Service,1362,261,78,1760
2026-07-20,North West,Installation,1769,259,32,1705
2026-07-21,North West,Service,2794,211,33,1481
2026-07-22,North West,Repair,1008,164,174,1153
2026-07-23,North West,Repair,1668,186,141,1698
2026-07-24,North West,Repair,1955,285,6,2181
2026-07-25,North West,Installation,1559,236,11,906
2026-07-26,North West,Service,1444,191,37,1738
2026-07-27,North West,Service,1181,196,163,2235
2026-07-28,North West,Installation,2609,132,149,1610
2026-07-29,North West,Repair,1687,177,4,1622
2026-07-30,North West,Installation,1343,277,139,2143
2026-07-31,North West,Installation,1971,295,82,1179
2026-08-01,North West,Installation,1877,135,155,1654
2026-08-02,North West,Repair,1433,204,153,1802
2026-08-03,North West,Repair,1443,174,158,1157
2026-08-04,North West,Service,1229,268,86,1674
2026-08-05,North West,Installation,1905,174,68,2597
2026-08-07,North West,Repair,1122,179,59,2383
2026-08-08,North West,Installation,2742,273,35,2175
2026-08-09,North West,Service,2108,183,39,2582
2026-08-10,North West,Installation,1216,108,15,1491
2026-08-11,North West,Repair,1248,160,86,2421
2026-08-12,North West,Service,1260,183,101,1726
2026-08-13,North West,Service,2406,277,38,874
2026-08-14,North West,Service,2169,197,165,1588
2026-08-15,North West,Service,2131,142,120,1271
2026-08-16,North West,Installation,2050,250,143,2676
2026-08-17,North West,Service,1305,268,43,1577
2026-08-18,North West,Installation,1399,129,171,1046
2026-08-19,North West,Installation,2795,198,147,2453
2026-08-20,North West,Service,2078,108,198,1752
2026-08-21,North West,Installation,2765,261,195,1531
2026-08-22,North West,Service,2546,115,199,2485
2026-08-23,North West,Repair,1551,149,192,1082
2026-08-24,North West,Installation,1994,269,187,2665
2026-08-25,North West,Installation,2591,203,159,1997
2026-08-26,North West,Repair,1256,141,48,1292
2026-08-27,North West,Installation,1454,168,95,2275
2026-08-28,North West,Installation,2169,271,73,1503
2026-08-29,North West,Repair,1755,281,59,2656
2026-08-30,North West,Installation,2373,296,157,2008
2026-08-31,North West,Installation,1917,159,149,1149
2026-09-01,North West,Installation,2644,199,79,1975
2026-09-02,North West,Service,1103,128,30,1626
2026-09-03,North West,Installation,1893,241,153,1237
2026-09-04,North West,Repair,1448,117,66,2662
2026-09-05,North West,Repair,1682,280,140,1639
2026-09-06,North West,Service,2714,239,53,1922
2026-09-07,North West,Installation,1338,204,150,1092
2026-09-08,North West,Installation,2081,205,90,1598
2026-09-09,North West,Installation,2337,292,189,901
2026-09-10,North West,Installation,1596,291,132,2778
2026-09-11,North West,Installation,1532,139,190,1512
2026-09-12,North West,Repair,1712,265,50,1379
2026-09-13,North West,Service,1894,114,76,869
2026-09-14,North West,Service,2888,272,181,1654
2026-09-15,North West,Service,1325,137,98,2091
2026-09-16,North West,Service,2698,173,113,1649
2026-09-17,North West,Service,2063,221,172,1323
2026-09-18,North West,Service,2807,206,59,1125
2026-09-19,North West,Installation,2019,285,109,1977
2026-09-20,North West,Repair,1822,120,118,2784
2026-09-21,North West,Installation,1282,293,90,2104
2026-09-22,North West,Repair,1572,140,3,1577
2026-09-23,North West,Repair,2085,216,85,2640
2026-09-24,North West,Service,2572,230,58,1716
2026-09-25,North West,Service,2743,164,119,998
2026-09-26,North West,Service,1414,291,196,994
2026-09-27,North West,Repair,1202,117,17,2136
2026-09-28,North West,Repair,1855,247,90,1010
2026-09-29,North West,Service,2286,272,74,1100
2026-09-30,North West,Repair,1366,155,141,2794
2026-10-01,North West,Service,1294,109,133,2526
2026-10-02,North West,Service,2569,189,186,2384
2026-10-03,North West,Repair,2096,181,142,2710
2026-10-04,North West,Installation,2198,242,192,1375
2026-10-05,North West,Installation,1696,151,140,2473
2026-10-06,North West,Installation,2607,242,126,1771
2026-10-07,North West,Repair,2905,158,149,1310
2026-10-08,North West,Repair,2635,129,40,1906
2026-10-09,North West,Repair,1618,269,141,1586
2026-10-10,North West,Repair,2447,258,97,2016
2026-10-11,North West,Repair,1097,284,145,1370
2026-10-12,North West,Repair,1515,249,16,1921
2026-10-13,North West,Repair,1500,107,39,1207
2026-10-14,North West,Installation,2475,153,63,2584
2026-10-15,North West,Installation,1826,169,126,1799
2026-10-16,North West,Repair,1467,244,112,2377
2026-10-17,North West,Service,1139,113,144,2325
2026-10-18,North West,Service,1283,245,99,1528
2026-10-19,North West,Repair,2529,274,115,866
2026-10-20,North West,Repair,1925,165,126,1970
2026-10-21,North West,Installation,1553,240,22,2785
2026-10-22,North West,Repair,2388,109,126,1953
2026-10-23,North West,Service,2575,132,18,841
2026-10-24,North West,Service,2213,265,70,2530
2026-10-25,North West,Installation,2864,206,124,1245
2026-10-26,North West,Service,1507,139,38,2290
2026-10-27,North West,Installation,2325,144,57,2219
2026-10-28,North West,Service,2455,194,156,1509
2026-10-29,North West,Repair,1221,129,77,1221
2026-07-09,North East,Repair,1352,192,55,1591
2026-07-10,North East,Installation,2123,242,187,1337
2026-07-11,North East,Service,2569,118,175,1088
2026-07-12,North East,Installation,2643,191,139,1893
2026-07-13,North East,Installation,2712,182,102,1215
2026-07-14,North East,Installation,2937,131,88,1669
2026-07-15,North East,Repair,2543,294,51,1236
2026-07-16,North East,Service,2378,163,103,2043
2026-07-17,North East,Repair,1028,231,112,2703
2026-07-18,North East,Repair,2858,235,72,2783
2026-07-19,North East,Service,2788,149,148,2473
2026-07-20,North East,Service,1826,204,127,905
2026-07-21,North East,Repair,2903,285,85,2613
2026-07-22,North East,Installation,1903,180,196,1582
2026-07-23,North East,Installation,1180,111,48,2404
2026-07-24,North East,Installation,2646,220,68,1858
2026-07-25,North East,Service,2671,123,69,1860
2026-07-26,North East,Installation,2249,141,18,1271
2026-07-27,North East,Installation,2664,124,113,1673
2026-07-28,North East,Repair,1329,105,123,2128
2026-07-29,North East,Service,2141,144,53,2247
2026-07-30,North East,Repair,1420,196,54,1932
2026-07-31,North East,Service,2526,203,90,2099
2026-08-01,North East,Installation,2724,206,51,961
2026-08-02,North East,Service,2784,291,54,1309
2026-08-03,North East,Service,2955,113,70,1704
2026-08-04,North East,Repair,1040,123,79,2017
2026-08-05,North East,Installation,1617,208,112,1345
2026-08-07,North East,Repair,2538,171,16,1717
2026-08-08,North East,Installation,1960,282,19,2137
2026-08-09,North East,Repair,1603,185,165,2116
2026-08-10,North East,Repair,2087,145,52,1108
2026-08-11,North East,Repair,2317,218,187,1698
2026-08-12,North East,Installation,1252,115,191,1029
2026-08-13,North East,Repair,1038,110,79,987
2026-08-14,North East,Service,1480,133,64,899
2026-08-15,North East,Installation,1147,260,183,1696
2026-08-16,North East,Service,2050,126,97,2515
2026-08-17,North East,Service,2580,280,148,1695
2026-08-18,North East,Installation,2831,218,52,1190
2026-08-19,North East,Repair,1272,174,77,929
2026-08-20,North East,Installation,2822,188,67,2147
2026-08-21,North East,Installation,1855,220,2,1987
2026-08-22,North East,Repair,2469,290,12,1697
2026-08-23,North East,Installation,2027,268,161,2654
2026-08-24,North East,Installation,2049,290,37,1021
2026-08-25,North East,Service,1591,101,143,902
2026-08-26,North East,Repair,1079,110,200,2038
2026-08-27,North East,Installation,1940,165,93,828
2026-08-28,North East,Service,2157,270,31,946
2026-08-29,North East,Service,1953,164,54,1417
2026-08-30,North East,Installation,2157,111,79,2391
2026-08-31,North East,Repair,1009,165,149,1653
2026-09-01,North East,Service,2051,229,61,804
2026-09-02,North East,Repair,2051,104,121,864
2026-09-03,North East,Installation,2829,266,130,1011
2026-09-04,North East,Repair,2418,207,52,2782
2026-09-05,North East,Repair,1093,183,29,2264
2026-09-06,North East,Installation,1228,136,72,2713
2026-09-07,North East,Installation,1784,281,7,1103
2026-09-08,North East,Installation,1071,295,171,2718
2026-09-09,North East,Repair,1101,153,69,1661
2026-09-10,North East,Service,1274,297,81,2515
2026-09-11,North East,Service,1266,127,91,2796
2026-09-12,North East,Installation,2450,115,127,2494
2026-09-13,North East,Repair,1788,270,51,2768
2026-09-14,North East,Service,2995,232,12,2150
2026-09-15,North East,Repair,2774,101,28,1136
2026-09-16,North East,Repair,2018,215,36,2099
2026-09-17,North East,Repair,1827,199,38,1001
2026-09-18,North East,Installation,2669,268,108,1739
2026-09-19,North East,Service,1519,184,21,2520
2026-09-20,North East,Installation,2965,130,33,2367
2026-09-21,North East,Repair,1846,272,156,1877
2026-09-22,North East,Repair,2640,298,172,2393
2026-09-23,North East,Installation,2473,108,128,2229
2026-09-24,North East,Service,2702,179,130,2499
2026-09-25,North East,Installation,2808,232,128,1130
2026-09-26,North East,Service,2317,107,96,1954
2026-09-27,North East,Installation,2510,146,20,2506
2026-09-28,North East,Service,1101,117,23,1754
2026-09-29,North East,Repair,1021,159,31,2603
2026-09-30,North East,Repair,1272,143,70,2571
2026-10-01,North East,Installation,1214,119,20,2446
2026-10-02,North East,Service,1039,247,129,1369
2026-10-03,North East,Repair,2297,296,24,1196
2026-10-04,North East,Installation,1317,125,130,1256
2026-10-05,North East,Repair,2734,186,68,2330
2026-10-06,North East,Service,2290,156,71,1833
2026-10-07,North East,Service,2948,247,109,1930
2026-10-08,North East,Repair,1519,188,33,1010
2026-10-09,North East,Service,2734,102,174,1530
2026-10-10,North East,Repair,1579,177,154,1246
2026-10-11,North East,Installation,2972,278,130,1976
2026-10-12,North East,Repair,1363,290,101,917
2026-10-13,North East,Service,1048,292,134,1020
2026-10-14,North East,Repair,1832,193,27,2466
2026-10-15,North East,Installation,2480,221,37,1886
2026-10-16,North East,Installation,1503,167,148,1540
2026-10-17,North East,Service,2264,190,121,1264
2026-10-18,North East,Repair,1199,175,93,1705
2026-10-19,North East,Service,2005,187,97,1322
2026-10-20,North East,Service,2447,235,103,962
2026-10-21,North East,Repair,2247,254,131,903
2026-10-22,North East,Repair,2548,125,155,1085
2026-10-23,North East,Installation,2044,148,62,1932
2026-10-24,North East,Service,1543,128,23,2208
2026-10-25,North East,Installation,2585,131,133,2027
2026-10-26,North East,Installation,2010,249,122,1517
2026-10-27,North East,Repair,2404,188,105,1845
2026-10-28,North East,Service,1996,282,104,2497
2026-10-29,North East,Repair,2873,121,154,2130
2026-07-09,Yorkshire,Installation,2039,271,114,1297
2026-07-10,Yorkshire,Service,2666,180,57,1652
2026-07-11,Yorkshire,Service,1642,213,88,1851
2026-07-12,Yorkshire,Service,2613,179,131,2114
2026-07-13,Yorkshire,Repair,2518,202,118,1674
2026-07-14,Yorkshire,Repair,1455,111,69,1524
2026-07-15,Yorkshire,Repair,1478,184,35,2624
2026-07-16,Yorkshire,Service,2213,123,78,1598
2026-07-17,Yorkshire,Installation,2128,133,134,994
2026-07-18,Yorkshire,Repair,2570,102,113,2321
2026-07-19,Yorkshire,Repair,2208,132,124,1069
2026-07-20,Yorkshire,Installation,1479,254,163,1860
2026-07-21,Yorkshire,Installation,2254,204,71,1723
2026-07-22,Yorkshire,Repair,1969,135,63,1054
2026-07-23,Yorkshire,Installation,2377,170,69,2595
2026-07-24,Yorkshire,Repair,2758,190,112,2635
2026-07-25,Yorkshire,Service,2124,201,89,2135
2026-07-26,Yorkshire,Service,2646,293,130,1709
2026-07-27,Yorkshire,Repair,1695,233,61,1453
2026-07-28,Yorkshire,Repair,2762,248,183,2669
2026-07-29,Yorkshire,Installation,1943,206,84,2165
2026-07-30,Yorkshire,Repair,1397,273,168,2639
2026-07-31,Yorkshire,Installation,1866,201,47,1568
2026-08-01,Yorkshire,Repair,1224,145,20,868
2026-08-02,Yorkshire,Service,1234,106,57,1671
2026-08-03,Yorkshire,Installation,2278,211,131,1898
2026-08-04,Yorkshire,Repair,1604,229,172,1292
2026-08-05,Yorkshire,Installation,1342,171,171,2099
2026-08-07,Yorkshire,Repair,1443,147,118,2497
2026-08-08,Yorkshire,Service,2858,203,177,1893
2026-08-09,Yorkshire,Service,2358,269,69,2724
2026-08-10,Yorkshire,Installation,1378,189,94,2275
2026-08-11,Yorkshire,Service,1834,292,187,2623
2026-08-12,Yorkshire,Installation,1257,285,149,1650
2026-08-13,Yorkshire,Service,1789,115,49,1351
2026-08-14,Yorkshire,Service,1379,241,40,966
2026-08-15,Yorkshire,Service,2153,183,171,2692
2026-08-16,Yorkshire,Repair,1007,228,167,828
2026-08-17,Yorkshire,Repair,2561,269,135,2557
2026-08-18,Yorkshire,Installation,1929,241,1,2205
2026-08-19,Yorkshire,Service,1040,119,161,1196
2026-08-20,Yorkshire,Service,2105,106,171,1921
2026-08-21,Yorkshire,Service,1011,246,84,1739
2026-08-22,Yorkshire,Installation,2457,215,148,1485
2026-08-23,Yorkshire,Installation,2171,214,171,2422
2026-08-24,Yorkshire,Installation,1058,294,119,2298
2026-08-25,Yorkshire,Service,1452,141,71,1605
2026-08-26,Yorkshire,Repair,1330,104,8,2535
2026-08-27,Yorkshire,Service,1122,218,13,1353
2026-08-28,Yorkshire,Service,1486,128,167,1684
2026-08-29,Yorkshire,Service,2884,256,10,1630
2026-08-30,Yorkshire,Repair,1496,218,86,2305
2026-08-31,Yorkshire,Service,1848,214,40,1242
2026-09-01,Yorkshire,Service,2536,164,125,1216
2026-09-02,Yorkshire,Repair,2407,100,140,1230
2026-09-03,Yorkshire,Installation,2370,117,200,1521
2026-09-04,Yorkshire,Installation,2080,190,25,2618
2026-09-05,Yorkshire,Repair,2457,168,137,2407
2026-09-06,Yorkshire,Service,1567,111,131,2606
2026-09-07,Yorkshire,Repair,1335,272,76,2255
2026-09-08,Yorkshire,Installation,1437,295,165,1847
2026-09-09,Yorkshire,Service,2429,285,81,2774
2026-09-10,Yorkshire,Installation,2448,276,166,959
2026-09-11,Yorkshire,Service,1580,164,43,2747
2026-09-12,Yorkshire,Service,2898,160,71,1603
2026-09-13,Yorkshire,Service,1502,178,157,2785
2026-09-14,Yorkshire,Repair,1620,213,182,2620
2026-09-15,Yorkshire,Repair,1219,141,170,1143
2026-09-16,Yorkshire,Installation,1753,136,196,1264
2026-09-17,Yorkshire,Installation,2988,250,129,1504
2026-09-18,Yorkshire,Installation,2349,291,16,2344
2026-09-19,Yorkshire,Service,1427,243,134,2223
2026-09-20,Yorkshire,Repair,1008,164,144,1222
2026-09-21,Yorkshire,Service,2255,168,132,2325
2026-09-22,Yorkshire,Service,1697,189,116,814
2026-09-23,Yorkshire,Installation,2440,267,108,980
2026-09-24,Yorkshire,Repair,1406,187,197,1090
2026-09-25,Yorkshire,Service,1378,218,123,1267
2026-09-26,Yorkshire,Repair,2858,181,64,2707
2026-09-27,Yorkshire,Repair,1300,252,40,2761
2026-09-28,Yorkshire,Installation,2698,287,153,2775
2026-09-29,Yorkshire,Installation,1419,152,114,1172
2026-09-30,Yorkshire,Service,1375,224,147,1291
2026-10-01,Yorkshire,Installation,2747,197,34,2672
2026-10-02,Yorkshire,Repair,2738,149,192,1594
2026-10-03,Yorkshire,Installation,1650,100,152,2163
2026-10-04,Yorkshire,Repair,2081,200,89,1862
2026-10-05,Yorkshire,Service,2024,197,34,1975
2026-10-06,Yorkshire,Installation,1669,132,154,1987
2026-10-07,Yorkshire,Repair,2034,133,36,2489
2026-10-08,Yorkshire,Service,1031,158,72,1827
2026-10-09,Yorkshire,Repair,1239,220,171,1148
2026-10-10,Yorkshire,Service,1134,294,50,895
2026-10-11,Yorkshire,Installation,1708,290,17,2638
2026-10-12,Yorkshire,Service,1382,151,100,1176
2026-10-13,Yorkshire,Repair,1134,172,159,2170
2026-10-14,Yorkshire,Installation,1973,132,156,2062
2026-10-15,Yorkshire,Installation,2406,241,67,1922
2026-10-16,Yorkshire,Installation,2195,179,68,1920
2026-10-17,Yorkshire,Service,1067,228,111,2382
2026-10-18,Yorkshire,Service,1281,171,167,2425
2026-10-19,Yorkshire,Repair,2912,168,94,2631
2026-10-20,Yorkshire,Service,1723,167,38,2143
2026-10-21,Yorkshire,Repair,2179,202,27,1366
2026-10-22,Yorkshire,Service,1452,195,107,2402
2026-10-23,Yorkshire,Repair,2230,177,37,919
2026-10-24,Yorkshire,Repair,1627,254,121,915
2026-10-25,Yorkshire,Service,2718,152,133,1638
2026-10-26,Yorkshire,Repair,2470,254,1,2333
2026-10-27,Yorkshire,Service,1994,202,52,1853
2026-10-28,Yorkshire,Service,1106,187,164,1747
2026-10-29,Yorkshire,Service,2762,216,62,2224
2026-07-09,Wales,Repair,2377,120,177,2618
2026-07-10,Wales,Installation,2668,215,183,2011
2026-07-11,Wales,Installation,1109,100,111,977
2026-07-12,Wales,Repair,2717,175,174,1463
2026-07-13,Wales,Service,1208,189,19,2439
2026-07-14,Wales,Service,1572,124,14,964
2026-07-15,Wales,Installation,1967,268,2,1305
2026-07-16,Wales,Installation,1935,130,133,810
2026-07-17,Wales,Service,2827,146,130,810
2026-07-18,Wales,Service,2210,266,105,1409
2026-07-19,Wales,Installation,1966,284,2,1844
2026-07-20,Wales,Service,2947,258,77,852
2026-07-21,Wales,Repair,1585,113,133,974
2026-07-22,Wales,Service,1239,279,33,1538
2026-07-23,Wales,Repair,2392,143,181,1532
2026-07-24,Wales,Repair,2566,125,24,1110
2026-07-25,Wales,Repair,2450,264,86,1393
2026-07-26,Wales,Installation,2946,140,5,1366
2026-07-27,Wales,Service,2107,258,62,1686
2026-07-28,Wales,Repair,1690,226,130,1313
2026-07-29,Wales,Installation,2855,240,79,2486
2026-07-30,Wales,Installation,2851,112,129,1618
2026-07-31,Wales,Service,2239,132,28,990
2026-08-01,Wales,Repair,1133,239,3,1823
2026-08-02,Wales,Installation,2988,208,17,2741
2026-08-03,Wales,Installation,2313,201,120,2672
2026-08-04,Wales,Service,1238,218,0,1716
2026-08-05,Wales,Service,2595,279,100,983
2026-08-07,Wales,Installation,1348,155,142,1134
2026-08-08,Wales,Repair,2387,112,154,1120
2026-08-09,Wales,Repair,1191,183,58,1139
2026-08-10,Wales,Repair,2988,220,80,1840
2026-08-11,Wales,Repair,2383,291,34,2168
2026-08-12,Wales,Service,1256,178,199,1213
2026-08-13,Wales,Repair,1044,100,189,1574
2026-08-14,Wales,Service,2926,107,19,1061
2026-08-15,Wales,Service,1259,282,192,2350
2026-08-16,Wales,Repair,1041,294,167,2638
2026-08-17,Wales,Installation,2478,245,141,1573
2026-08-18,Wales,Service,1714,253,25,2069
2026-08-19,Wales,Service,1124,123,80,2193
2026-08-20,Wales,Installation,2126,262,115,1154
2026-08-21,Wales,Service,1139,271,76,2122
2026-08-22,Wales,Installation,2026,218,93,2479
2026-08-23,Wales,Service,1490,241,150,2153
2026-08-24,Wales,Repair,1269,258,21,2200
2026-08-25,Wales,Installation,1249,298,181,2689
2026-08-26,Wales,Installation,2994,185,153,2650
2026-08-27,Wales,Repair,2366,132,35,2124
2026-08-28,Wales,Repair,1552,109,189,1956
2026-08-29,Wales,Installation,2390,221,164,1268
2026-08-30,Wales,Repair,1474,214,108,1229
2026-08-31,Wales,Service,2063,105,189,2586
2026-09-01,Wales,Installation,1758,296,14,2265
2026-09-02,Wales,Installation,1577,178,1,1179
2026-09-03,Wales,Service,1894,109,19,1197
2026-09-04,Wales,Service,1828,148,200,1823
2026-09-05,Wales,Service,1051,233,85,1506
2026-09-06,Wales,Repair,2116,151,42,2716
2026-09-07,Wales,Service,1738,135,88,2050
2026-09-08,Wales,Service,1404,195,131,1810
2026-09-09,Wales,Repair,1021,222,83,1687
2026-09-10,Wales,Service,1705,200,190,1877
2026-09-11,Wales,Repair,2656,223,185,856
2026-09-12,Wales,Installation,2234,204,172,1786
2026-09-13,Wales,Repair,1299,166,74,1983
2026-09-14,Wales,Installation,2445,253,172,2761
2026-09-15,Wales,Installation,1608,274,28,1715
2026-09-16,Wales,Repair,2976,207,159,2702
2026-09-17,Wales,Service,2332,254,171,890
2026-09-18,Wales,Repair,1620,130,199,2650
2026-09-19,Wales,Installation,1150,260,48,2671
2026-09-20,Wales,Repair,1489,134,61,1463
2026-09-21,Wales,Installation,2616,159,136,2049
2026-09-22,Wales,Installation,1100,275,69,2079
2026-09-23,Wales,Installation,1446,123,13,1211
2026-09-24,Wales,Repair,2657,272,1,2051
2026-09-25,Wales,Service,1332,119,167,2393
2026-09-26,Wales,Installation,1022,262,117,1483
2026-09-27,Wales,Installation,1964,134,176,1239
2026-09-28,Wales,Service,1197,264,120,2585
2026-09-29,Wales,Repair,1590,118,183,969
2026-09-30,Wales,Installation,1119,258,52,2330
2026-10-01,Wales,Repair,1497,254,185,806
2026-10-02,Wales,Installation,1357,187,198,987
2026-10-03,Wales,Installation,2824,131,132,2241
2026-10-04,Wales,Installation,2676,220,60,825
2026-10-05,Wales,Repair,1899,187,189,1591
2026-10-06,Wales,Installation,1889,170,14,1095
2026-10-07,Wales,Service,2442,169,158,1292
2026-10-08,Wales,Installation,1379,126,113,1780
2026-10-09,Wales,Service,2700,263,16,2188
2026-10-10,Wales,Installation,2349,151,52,2631
2026-10-11,Wales,Installation,1551,250,5,1106
2026-10-12,Wales,Repair,2313,101,183,1026
2026-10-13,Wales,Installation,2195,129,134,887
2026-10-14,Wales,Repair,2336,223,47,2193
2026-10-15,Wales,Service,1917,234,64,856
2026-10-16,Wales,Installation,1184,271,135,1962
2026-10-17,Wales,Repair,1029,175,92,2403
2026-10-18,Wales,Service,1561,108,28,2454
2026-10-19,Wales,Installation,2095,268,16,1031
2026-10-20,Wales,Repair,1247,178,196,1392
2026-10-21,Wales,Installation,2867,183,58,1530
2026-10-22,Wales,Installation,2179,221,15,1442
2026-10-23,Wales,Repair,2874,223,129,1881
2026-10-24,Wales,Repair,1193,102,49,1263
2026-10-25,Wales,Repair,1897,158,67,1189
2026-10-26,Wales,Service,1147,108,116,1097
2026-10-27,Wales,Installation,1664,196,124,1884
2026-10-28,Wales,Service,1652,287,113,1322
2026-10-29,Wales,Repair,2141,164,139,2160
2026-07-09,Scotland,Service,2579,176,183,1816
2026-07-10,Scotland,Installation,2305,165,107,1736
2026-07-11,Scotland,Installation,2230,110,148,1754
2026-07-12,Scotland,Repair,1970,280,49,2309
2026-07-13,Scotland,Service,2607,197,120,1003
2026-07-14,Scotland,Service,1473,275,59,2238
2026-07-15,Scotland,Installation,1744,137,34,1758
2026-07-16,Scotland,Installation,2716,250,39,2082
2026-07-17,Scotland,Installation,1391,276,111,889
2026-07-18,Scotland,Service,2108,227,116,1916
2026-07-19,Scotland,Installation,1243,134,162,1879
2026-07-20,Scotland,Installation,1443,297,30,1942
2026-07-21,Scotland,Installation,1974,274,77,1815
2026-07-22,Scotland,Installation,1061,164,127,1319
2026-07-23,Scotland,Service,2057,151,81,2445
2026-07-24,Scotland,Installation,2713,120,102,1967
2026-07-25,Scotland,Repair,2889,236,8,2207
2026-07-26,Scotland,Repair,2023,116,131,1663
2026-07-27,Scotland,Repair,1633,146,0,2238
2026-07-28,Scotland,Installation,2151,223,33,1492
2026-07-29,Scotland,Service,2233,236,194,2521
2026-07-30,Scotland,Repair,2154,259,118,1685
2026-07-31,Scotland,Service,2510,247,170,1486
2026-08-01,Scotland,Service,1598,170,40,1668
2026-08-02,Scotland,Installation,1468,116,37,2272
2026-08-03,Scotland,Installation,1599,286,176,2337
2026-08-04,Scotland,Service,2792,264,157,1507
2026-08-05,Scotland,Repair,2007,271,86,2018
2026-08-07,Scotland,Installation,2912,246,169,2714
2026-08-08,Scotland,Repair,2339,104,189,1329
2026-08-09,Scotland,Installation,2416,287,30,2176
2026-08-10,Scotland,Installation,1082,113,28,1158
2026-08-11,Scotland,Installation,2181,151,8,1339
2026-08-12,Scotland,Repair,2150,135,173,2677
2026-08-13,Scotland,Repair,2226,253,54,1133
2026-08-14,Scotland,Installation,2347,106,45,2043
2026-08-15,Scotland,Installation,2721,157,53,831
2026-08-16,Scotland,Service,2243,264,180,2249
2026-08-17,Scotland,Installation,2106,243,132,1607
2026-08-18,Scotland,Repair,2326,185,92,1444
2026-08-19,Scotland,Service,1537,229,8,1412
2026-08-20,Scotland,Service,1306,268,85,2553
2026-08-21,Scotland,Repair,1857,194,179,2136
2026-08-22,Scotland,Repair,1443,219,126,858
2026-08-23,Scotland,Installation,1051,173,195,2018
2026-08-24,Scotland,Installation,1187,296,125,1009
2026-08-25,Scotland,Repair,2006,147,145,2379
2026-08-26,Scotland,Installation,1031,232,73,1284
2026-08-27,Scotland,Installation,1166,186,59,1079
2026-08-28,Scotland,Installation,1578,137,168,1979
2026-08-29,Scotland,Service,2051,273,78,1646
2026-08-30,Scotland,Service,1671,273,64,877
2026-08-31,Scotland,Installation,1179,119,146,2513
2026-09-01,Scotland,Service,1672,149,106,1498
2026-09-02,Scotland,Repair,1225,126,21,2292
2026-09-03,Scotland,Installation,1585,289,107,815
2026-09-04,Scotland,Service,1537,164,4,2666
2026-09-05,Scotland,Service,1000,218,139,2218
2026-09-06,Scotland,Installation,2472,122,25,1846
2026-09-07,Scotland,Service,1588,108,200,2167
2026-09-08,Scotland,Installation,1636,239,60,2736
2026-09-09,Scotland,Service,1043,261,139,1549
2026-09-10,Scotland,Repair,2341,280,98,2345
2026-09-11,Scotland,Service,2563,192,20,2262
2026-09-12,Scotland,Installation,2661,249,38,2136
2026-09-13,Scotland,Service,1196,212,168,1098
2026-09-14,Scotland,Service,1694,283,126,2186
2026-09-15,Scotland,Service,2632,140,162,1972
2026-09-16,Scotland,Repair,2885,214,167,2683
2026-09-17,Scotland,Installation,2164,142,186,2340
2026-09-18,Scotland,Service,2640,235,81,1581
2026-09-19,Scotland,Repair,1969,299,119,1568
2026-09-20,Scotland,Repair,1035,114,13,2727
2026-09-21,Scotland,Service,1305,119,4,1322
2026-09-22,Scotland,Repair,1454,169,69,1795
2026-09-23,Scotland,Repair,1571,151,43,922
2026-09-24,Scotland,Repair,1829,151,66,1884
2026-09-25,Scotland,Installation,2352,102,45,1253
2026-09-26,Scotland,Repair,2275,141,149,1538
2026-09-27,Scotland,Installation,2656,192,92,2433
2026-09-28,Scotland,Installation,2816,185,93,1746
2026-09-29,Scotland,Service,2239,267,41,1794
2026-09-30,Scotland,Installation,2474,113,92,1818
2026-10-01,Scotland,Service,2943,187,25,2464
2026-10-02,Scotland,Service,1885,218,115,2197
2026-10-03,Scotland,Repair,2696,143,68,1002
2026-10-04,Scotland,Installation,1926,157,74,1107
2026-10-05,Scotland,Repair,2678,275,72,2217
2026-10-06,Scotland,Installation,2367,124,22,1277
2026-10-07,Scotland,Installation,1698,104,116,1116
2026-10-08,Scotland,Repair,1856,203,73,2758
2026-10-09,Scotland,Installation,1086,229,143,2529
2026-10-10,Scotland,Service,1360,194,86,1904
2026-10-11,Scotland,Service,1577,185,26,1072
2026-10-12,Scotland,Installation,2192,159,41,1733
2026-10-13,Scotland,Installation,2657,289,183,1170
2026-10-14,Scotland,Installation,2501,234,118,1478
2026-10-15,Scotland,Repair,1340,166,69,2527
2026-10-16,Scotland,Repair,2652,224,132,2052
2026-10-17,Scotland,Service,2840,219,54,2334
2026-10-18,Scotland,Service,2770,226,107,2700
2026-10-19,Scotland,Service,1308,210,100,2356
2026-10-20,Scotland,Service,1393,167,23,1635
2026-10-21,Scotland,Installation,2941,248,185,1843
2026-10-22,Scotland,Installation,2699,167,171,2116
2026-10-23,Scotland,Repair,2483,177,161,1128
2026-10-24,Scotland,Service,1105,210,61,1610
2026-10-25,Scotland,Installation,2710,189,119,1862
2026-10-26,Scotland,Service,2636,298,113,2096
2026-10-27,Scotland,Repair,2957,155,41,837
2026-10-28,Scotland,Installation,2629,214,12,1835
2026-10-29,Scotland,Installation,2541,145,61,1055
