date,region,eng_skill_type,gross_hours,non_productive_event,overtime,available_hours
2026-07-09,London,Installation,3296,298,23,1293
2026-07-10,London,Installation,2039,246,99,1647
2026-07-11,London,Installation,1558,273,261,1488
2026-07-12,London,Repair,1860,273,65,1392
2026-07-13,London,Service,3092,223,33,1464
2026-07-14,London,Installation,2965,158,270,2433
2026-07-15,London,Installation,2625,293,89,1932
2026-07-16,London,Repair,3346,197,86,1884
2026-07-17,London,Service,3382,242,108,2319
2026-07-18,London,Service,1844,191,288,2284
2026-07-19,London,Repair,2079,253,266,2963
2026-07-20,London,Repair,1921,137,24,1691
2026-07-21,London,Service,3479,235,182,1251
2026-07-22,London,Service,2155,300,86,1957
2026-07-23,London,Installation,3039,110,263,1105
2026-07-24,London,Service,2839,141,56,1878
2026-07-25,London,Installation,1612,142,29,2157
2026-07-26,London,Repair,2753,214,157,2923
2026-07-27,London,Service,2310,119,38,2080
2026-07-28,London,Installation,2628,166,260,1447
2026-07-29,London,Service,2576,186,24,2224
2026-07-30,London,Installation,2889,150,176,3005
2026-07-31,London,Installation,1500,239,18,2901
2026-08-01,London,Repair,1752,164,83,2686
2026-08-02,London,Repair,1886,156,155,3129
2026-08-03,London,Service,2890,258,63,2431
2026-08-04,London,Service,3163,236,150,2943
2026-08-05,London,Service,2223,225,33,2835
2026-08-07,London,Installation,2235,286,290,1814
2026-08-08,London,Repair,3484,248,124,1188
2026-08-09,London,Repair,2685,285,99,1055
2026-08-10,London,Installation,3323,298,7,1988
2026-08-11,London,Service,1985,167,104,2434
2026-08-12,London,Service,3083,214,285,1308
2026-08-13,London,Service,2611,160,243,2988
2026-08-14,London,Repair,2599,112,80,2768
2026-08-15,London,Repair,2737,113,0,3160
2026-08-16,London,Service,3375,189,196,2928
2026-08-17,London,Installation,1597,293,239,1176
2026-08-18,London,Service,2283,232,250,2177
2026-08-19,London,Installation,1701,212,151,2751
2026-08-20,London,Repair,2102,135,90,1193
2026-08-21,London,Installation,2469,122,213,1803
2026-08-22,London,Installation,2264,190,188,1295
2026-08-23,London,Service,1582,230,34,1642
2026-08-24,London,Service,1916,109,147,2204
2026-08-25,London,Service,2683,270,29,1201
2026-08-26,London,Service,1543,273,108,2827
2026-08-27,London,Repair,2730,141,194,1159
2026-08-28,London,Repair,1813,247,54,2727
2026-08-29,London,Service,3401,140,206,2474
2026-08-30,London,Repair,3365,170,189,2910
2026-08-31,London,Repair,1919,167,273,1126
2026-09-01,London,Service,2033,191,57,2608
2026-09-02,London,Service,2896,214,107,2808
2026-09-03,London,Installation,2786,195,16,2161
2026-09-04,London,Repair,2617,217,76,1758
2026-09-05,London,Service,3094,264,117,2494
2026-09-06,London,Service,1815,243,251,1070
2026-09-07,London,Installation,3447,207,108,1497
2026-09-08,London,Repair,2997,219,149,3008
2026-09-09,London,Service,2699,256,78,1600
2026-09-10,London,Installation,1835,138,115,1384
2026-09-11,London,Service,3453,145,110,1753
2026-09-12,London,Repair,1558,149,20,1312
2026-09-13,London,Installation,3287,185,127,1344
2026-09-14,London,Repair,2144,134,209,1060
2026-09-15,London,Service,2647,247,100,1628
2026-09-16,London,Service,1730,220,290,1224
2026-09-17,London,Repair,1975,229,18,1636
2026-09-18,London,Repair,1602,180,29,1677
2026-09-19,London,Repair,3080,122,56,1163
2026-09-20,London,Service,3262,126,277,1417
2026-09-21,London,Service,3202,192,3,1485
2026-09-22,London,Installation,2678,140,269,3062
2026-09-23,London,Repair,2977,276,132,2086
2026-09-24,London,Service,1695,192,5,1668
2026-09-25,London,Service,2568,251,61,2965
2026-09-26,London,Repair,2432,130,22,2308
2026-09-27,London,Installation,2565,233,34,2346
2026-09-28,London,Installation,1886,177,100,1582
2026-09-29,London,Installation,2383,179,121,1766
2026-09-30,London,Service,2728,160,216,2452
2026-10-01,London,Repair,1611,218,96,2889
2026-10-02,London,Installation,2244,297,282,1532
2026-10-03,London,Service,3093,122,122,1778
2026-10-04,London,Repair,1591,159,195,3103
2026-10-05,London,Service,3228,150,126,1015
2026-10-06,London,Installation,3147,290,16,1067
2026-10-07,London,Repair,2265,279,4,2036
2026-10-08,London,Installation,2979,126,18,1673
2026-10-09,London,Repair,1801,274,203,2265
2026-10-10,London,Installation,2343,294,61,2936
2026-10-11,London,Service,1731,231,158,1587
2026-10-12,London,Service,2850,176,49,1366
2026-10-13,London,Repair,1568,179,103,2425
2026-10-14,London,Installation,3462,249,127,1320
2026-10-15,London,Service,3316,214,10,2691
2026-10-16,London,Repair,3270,289,36,1646
2026-10-17,London,Repair,2988,142,40,3049
2026-10-18,London,Service,2801,100,110,1396
2026-10-19,London,Service,2265,159,132,3139
2026-10-20,London,Installation,2000,289,37,2347
2026-10-21,London,Repair,2671,151,0,1286
2026-10-22,London,Installation,2654,184,229,1757
2026-10-23,London,Repair,3343,219,39,2928
2026-10-24,London,Installation,2019,136,173,1435
2026-10-25,London,Repair,3005,297,185,2529
2026-10-26,London,Installation,2378,240,42,1994
2026-10-27,London,Repair,2400,252,255,2130
2026-10-28,London,Repair,2163,165,82,2249
2026-10-29,London,Service,2011,228,193,2251
2026-07-09,South East,Repair,1884,297,138,1340
2026-07-10,South East,Repair,1654,239,238,2117
2026-07-11,South East,Service,1670,219,71,2837
2026-07-12,South East,Service,2098,156,280,1673
2026-07-13,South East,Service,2108,133,64,2478
2026-07-14,South East,Installation,2474,291,222,1464
2026-07-15,South East,Repair,3243,210,39,1311
2026-07-16,South East,Repair,3023,169,183,1799
2026-07-17,South East,Repair,2559,125,23,1857
2026-07-18,South East,Service,2742,203,82,2506
2026-07-19,South East,Repair,3285,108,67,3017
2026-07-20,South East,Installation,1996,134,296,2982
2026-07-21,South East,Installation,2465,211,240,1039
2026-07-22,South East,Service,2879,218,58,2587
2026-07-23,South East,Service,2538,192,157,2420
2026-07-24,South East,Repair,1738,235,266,2184
2026-07-25,South East,Installation,3039,266,61,2423
2026-07-26,South East,Installation,2210,243,224,2235
2026-07-27,South East,Repair,2843,158,136,2644
2026-07-28,South East,Service,3345,159,148,1294
2026-07-29,South East,Installation,3386,145,6,2907
2026-07-30,South East,Repair,3069,264,17,1964
2026-07-31,South East,Service,3150,136,287,2225
2026-08-01,South East,Service,2041,210,34,1548
2026-08-02,South East,Installation,3394,252,194,1291
2026-08-03,South East,Installation,3091,143,127,2240
2026-08-04,South East,Installation,1687,163,146,2799
2026-08-05,South East,Service,3122,163,16,2572
2026-08-07,South East,Service,3291,102,176,1217
2026-08-08,South East,Installation,3345,169,151,1135
2026-08-09,South East,Repair,2515,129,239,1411
2026-08-10,South East,Repair,2389,217,221,1675
2026-08-11,South East,Repair,2807,150,216,2229
2026-08-12,South East,Repair,1953,115,228,2394
2026-08-13,South East,Repair,3143,203,26,2085
2026-08-14,South East,Service,3458,232,52,1034
2026-08-15,South East,Service,1566,152,189,1501
2026-08-16,South East,Repair,3304,278,197,1795
2026-08-17,South East,Service,2317,175,64,3088
2026-08-18,South East,Service,2842,298,57,1573
2026-08-19,South East,Installation,1808,163,129,2225
2026-08-20,South East,Installation,1541,115,205,2484
2026-08-21,South East,Repair,3410,111,74,1038
2026-08-22,South East,Installation,2685,129,103,1778
2026-08-23,South East,Service,2306,295,288,3013
2026-08-24,South East,Service,2547,272,151,1296
2026-08-25,South East,Service,3167,193,143,2539
2026-08-26,South East,Repair,2274,147,284,1427
2026-08-27,South East,Installation,2883,128,240,2110
2026-08-28,South East,Service,2584,200,72,2147
2026-08-29,South East,Repair,2807,292,230,3124
2026-08-30,South East,Repair,2739,188,281,1645
2026-08-31,South East,Service,1653,171,62,1780
2026-09-01,South East,Service,1813,204,260,1419
2026-09-02,South East,Repair,3452,261,51,1363
2026-09-03,South East,Service,2312,124,149,2532
2026-09-04,South East,Service,2117,185,101,1421
2026-09-05,South East,Service,2896,278,26,1644
2026-09-06,South East,Service,2640,265,10,2180
2026-09-07,South East,Service,3128,300,110,1060
2026-09-08,South East,Service,1561,143,24,2776
2026-09-09,South East,Installation,2467,101,252,3105
2026-09-10,South East,Repair,2982,272,214,3060
2026-09-11,South East,Repair,1613,252,234,2579
2026-09-12,South East,Service,1783,144,263,1571
2026-09-13,South East,Service,3092,121,171,2322
2026-09-14,South East,Service,1716,283,58,1995
2026-09-15,South East,Installation,2865,137,48,1893
2026-09-16,South East,Repair,2365,175,215,2563
2026-09-17,South East,Service,2149,127,40,2132
2026-09-18,South East,Repair,2935,100,188,1886
2026-09-19,South East,Repair,1501,154,42,1530
2026-09-20,South East,Repair,2797,213,180,2953
2026-09-21,South East,Installation,2427,152,250,2435
2026-09-22,South East,Repair,2381,184,122,1170
2026-09-23,South East,Service,1696,217,275,1843
2026-09-24,South East,Installation,2286,241,117,1094
2026-09-25,South East,Service,3086,165,51,2471
2026-09-26,South East,Installation,2174,101,97,1641
2026-09-27,South East,Installation,2015,189,257,2530
2026-09-28,South East,Service,1737,167,209,2001
2026-09-29,South East,Service,1778,275,33,2607
2026-09-30,South East,Repair,2427,299,143,2551
2026-10-01,South East,Installation,3394,231,38,3164
2026-10-02,South East,Installation,2440,246,254,1923
2026-10-03,South East,Service,3156,209,54,3045
2026-10-04,South East,Service,2052,246,276,1240
2026-10-05,South East,Installation,1550,181,125,2840
2026-10-06,South East,Installation,3017,124,56,1396
2026-10-07,South East,Installation,2965,245,192,2540
2026-10-08,South East,Installation,1920,296,70,3031
2026-10-09,South East,Installation,2380,292,38,1974
2026-10-10,South East,Service,2966,287,296,2715
2026-10-11,South East,Repair,3446,164,98,1678
2026-10-12,South East,Service,2542,257,168,2219
2026-10-13,South East,Service,1515,294,284,2985
2026-10-14,South East,Service,2812,269,212,2810
2026-10-15,South East,Service,2912,158,54,1782
2026-10-16,South East,Service,1743,169,71,1197
2026-10-17,South East,Service,2874,252,110,1756
2026-10-18,South East,Service,2597,121,16,1093
2026-10-19,South East,Repair,2649,120,285,2130
2026-10-20,South East,Service,2989,124,201,2052
2026-10-21,South East,Installation,3275,186,123,2041
2026-10-22,South East,Service,2546,190,231,2244
2026-10-23,South East,Repair,2038,267,35,1546
2026-10-24,South East,Service,1623,241,283,1250
2026-10-25,South East,Installation,2277,115,70,1022
2026-10-26,South East,Service,2316,248,161,2119
2026-10-27,South East,Service,3108,197,223,2753
2026-10-28,South East,Installation,1872,229,118,1839
2026-10-29,South East,Service,1749,282,46,1758
2026-07-09,South West,Repair,2727,267,272,2995
2026-07-10,South West,Service,1810,283,44,3164
2026-07-11,South West,Repair,3372,163,291,2017
2026-07-12,South West,Repair,2622,188,64,2647
2026-07-13,South West,Repair,1525,145,289,1641
2026-07-14,South West,Installation,2281,153,182,3041
2026-07-15,South West,Repair,2677,263,51,2807
2026-07-16,South West,Installation,2306,164,162,2661
2026-07-17,South West,Repair,3141,180,88,1410
2026-07-18,South West,Service,2714,228,297,2575
2026-07-19,South West,Repair,1984,180,25,2511
2026-07-20,South West,Service,1845,166,80,2816
2026-07-21,South West,Repair,1949,152,118,2838
2026-07-22,South West,Repair,1509,154,291,2906
2026-07-23,South West,Installation,3490,241,2,1436
2026-07-24,South West,Service,1887,217,151,1657
2026-07-25,South West,Service,2067,163,150,2391
2026-07-26,South West,Service,3019,228,25,1585
2026-07-27,South West,Service,2461,287,114,2245
2026-07-28,South West,Installation,3226,239,105,1973
2026-07-29,South West,Service,3387,271,296,2551
2026-07-30,South West,Repair,3144,212,166,1356
2026-07-31,South West,Installation,2648,286,123,1099
2026-08-01,South West,Repair,2040,152,187,2475
2026-08-02,South West,Installation,3132,228,128,1535
2026-08-03,South West,Repair,3105,293,143,1593
2026-08-04,South West,Repair,3167,119,199,1505
2026-08-05,South West,Repair,2716,173,243,2851
2026-08-07,South West,Installation,2330,263,191,1753
2026-08-08,South West,Installation,3169,167,159,3065
2026-08-09,South West,Service,2450,101,120,2929
2026-08-10,South West,Service,1584,158,69,3017
2026-08-11,South West,Installation,2164,164,219,2690
2026-08-12,South West,Service,3304,253,12,2202
2026-08-13,South West,Service,1833,295,94,2064
2026-08-14,South West,Service,2421,106,196,1385
2026-08-15,South West,Installation,2021,102,217,1848
2026-08-16,South West,Installation,1866,179,90,2656
2026-08-17,South West,Installation,3366,240,125,1237
2026-08-18,South West,Repair,1528,199,192,1817
2026-08-19,South West,Repair,3322,161,24,2182
2026-08-20,South West,Service,2937,127,217,2252
2026-08-21,South West,Repair,2997,108,45,2221
2026-08-22,South West,Repair,1659,153,214,1474
2026-08-23,South West,Service,3331,290,276,2690
2026-08-24,South West,Installation,1803,278,43,3071
2026-08-25,South West,Repair,1981,268,288,2356
2026-08-26,South West,Installation,3305,172,263,1591
2026-08-27,South West,Installation,2055,280,168,2534
2026-08-28,South West,Service,2889,222,76,1987
2026-08-29,South West,Installation,1816,144,165,2059
2026-08-30,South West,Service,2946,194,229,2393
2026-08-31,South West,Repair,3296,175,115,1641
2026-09-01,South West,Service,3077,258,136,1974
2026-09-02,South West,Installation,3007,241,159,1285
2026-09-03,South West,Repair,1504,209,109,2275
2026-09-04,South West,Repair,1988,176,252,2881
2026-09-05,South West,Service,1926,211,89,2378
2026-09-06,South West,Service,1942,212,67,1252
2026-09-07,South West,Service,3088,220,84,1956
2026-09-08,South West,Service,3071,152,6,1419
2026-09-09,South West,Installation,2189,212,177,2406
2026-09-10,South West,Installation,1861,202,58,1963
2026-09-11,South West,Repair,1707,280,202,2541
2026-09-12,South West,Installation,1971,257,235,2400
2026-09-13,South West,Service,1796,265,48,2116
2026-09-14,South West,Service,1538,108,75,3100
2026-09-15,South West,Service,2699,248,234,2447
2026-09-16,South West,Installation,2946,238,115,2333
2026-09-17,South West,Repair,2095,262,114,2302
2026-09-18,South West,Installation,1955,140,245,1558
2026-09-19,South West,Service,3120,212,63,2473
2026-09-20,South West,Installation,3223,268,20,3194
2026-09-21,South West,Repair,2609,179,71,2830
2026-09-22,South West,Service,2942,182,238,1322
2026-09-23,South West,Service,3292,147,247,2449
2026-09-24,South West,Service,1865,141,57,1445
2026-09-25,South West,Service,1667,287,140,2288
2026-09-26,South West,Installation,2987,280,13,2592
2026-09-27,South West,Installation,2615,292,293,1992
2026-09-28,South West,Installation,2515,101,55,3169
2026-09-29,South West,Repair,1860,180,113,3180
2026-09-30,South West,Service,1853,240,214,2010
2026-10-01,South West,Service,3305,183,2,1380
2026-10-02,South West,Installation,2601,124,264,1352
2026-10-03,South West,Service,2673,171,100,1313
2026-10-04,South West,Repair,1588,271,84,1420
2026-10-05,South West,Service,2298,144,188,2902
2026-10-06,South West,Installation,2468,155,92,1244
2026-10-07,South West,Repair,3266,142,299,1190
2026-10-08,South West,Repair,3434,231,33,2796
2026-10-09,South West,Service,2818,271,298,1312
2026-10-10,South West,Installation,3206,205,198,2305
2026-10-11,South West,Service,2021,219,36,3100
2026-10-12,South West,Installation,1925,193,167,2837
2026-10-13,South West,Service,2596,182,200,2956
2026-10-14,South West,Repair,2759,127,233,2466
2026-10-15,South West,Service,1762,197,266,2002
2026-10-16,South West,Installation,1712,231,239,1078
2026-10-17,South West,Repair,2318,204,261,2408
2026-10-18,South West,Installation,1858,104,148,1675
2026-10-19,South West,Service,3302,282,78,2362
2026-10-20,South West,Service,1533,220,34,2618
2026-10-21,South West,Repair,3168,295,255,2120
2026-10-22,South West,Service,3496,170,263,1155
2026-10-23,South West,Repair,1907,160,145,1400
2026-10-24,South West,Service,1737,179,91,2493
2026-10-25,South West,Installation,1645,218,265,1292
2026-10-26,South West,Repair,1751,259,125,1702
2026-10-27,South West,Installation,2368,263,246,2064
2026-10-28,South West,Repair,3465,103,122,1017
2026-10-29,South West,Installation,2463,135,255,1227
2026-07-09,Midlands,Repair,2493,227,224,1625
2026-07-10,Midlands,Repair,1868,295,154,1648
2026-07-11,Midlands,Installation,3391,191,112,2818
2026-07-12,Midlands,Repair,2139,107,63,1131
2026-07-13,Midlands,Installation,2712,203,9,2600
2026-07-14,Midlands,Repair,3096,253,180,3185
2026-07-15,Midlands,Repair,2583,160,75,2268
2026-07-16,Midlands,Service,3133,298,62,2704
2026-07-17,Midlands,Installation,3076,131,203,2735
2026-07-18,Midlands,Service,3481,277,272,1535
2026-07-19,Midlands,Repair,1633,285,48,1017
2026-07-20,Midlands,Installation,2126,201,19,1400
2026-07-21,Midlands,Repair,3342,298,144,2432
2026-07-22,Midlands,Installation,2166,161,38,2255
2026-07-23,Midlands,Service,1541,171,255,2074
2026-07-24,Midlands,Installation,2342,180,10,1954
2026-07-25,Midlands,Repair,2973,133,266,1503
2026-07-26,Midlands,Repair,3320,241,177,1333
2026-07-27,Midlands,Repair,3040,244,160,1877
2026-07-28,Midlands,Service,1884,114,205,1517
2026-07-29,Midlands,Service,1938,196,265,3137
2026-07-30,Midlands,Installation,3496,181,270,1090
2026-07-31,Midlands,Repair,2549,212,23,1508
2026-08-01,Midlands,Installation,1926,257,259,2461
2026-08-02,Midlands,Repair,3139,225,99,2934
2026-08-03,Midlands,Service,2686,126,52,3073
2026-08-04,Midlands,Installation,2090,253,299,3040
2026-08-05,Midlands,Installation,1739,138,128,2758
2026-08-07,Midlands,Service,1905,121,72,3005
2026-08-08,Midlands,Service,2105,299,142,1336
2026-08-09,Midlands,Installation,1748,227,67,2541
2026-08-10,Midlands,Repair,2396,107,30,2514
2026-08-11,Midlands,Repair,1927,168,272,1407
2026-08-12,Midlands,Repair,1689,215,288,2148
2026-08-13,Midlands,Installation,1717,191,265,2323
2026-08-14,Midlands,Installation,3070,162,132,2529
2026-08-15,Midlands,Service,2659,208,274,1808
2026-08-16,Midlands,Installation,2558,289,34,1201
2026-08-17,Midlands,Service,3409,175,259,2607
2026-08-18,Midlands,Service,2249,166,154,2715
2026-08-19,Midlands,Repair,2042,242,294,2532
2026-08-20,Midlands,Service,1914,253,145,3170
2026-08-21,Midlands,Service,2532,197,102,1241
2026-08-22,Midlands,Service,2622,263,27,2063
2026-08-23,Midlands,Service,2069,226,108,2049
2026-08-24,Midlands,Repair,1614,200,261,1024
2026-08-25,Midlands,Installation,3120,179,19,2678
2026-08-26,Midlands,Installation,3075,129,32,2836
2026-08-27,Midlands,Repair,2638,167,2,2998
2026-08-28,Midlands,Repair,2645,292,11,2117
2026-08-29,Midlands,Installation,2380,299,262,1823
2026-08-30,Midlands,Repair,2630,208,64,2966
2026-08-31,Midlands,Installation,2404,188,117,2310
2026-09-01,Midlands,Repair,1635,100,264,1981
2026-09-02,Midlands,Repair,3440,108,263,3008
2026-09-03,Midlands,Service,2399,136,240,2256
2026-09-04,Midlands,Service,3166,225,249,3036
2026-09-05,Midlands,Repair,1578,263,269,2187
2026-09-06,Midlands,Repair,2623,260,5,2089
2026-09-07,Midlands,Repair,3214,273,173,2706
2026-09-08,Midlands,Repair,2930,190,144,1480
2026-09-09,Midlands,Repair,3427,189,168,1314
2026-09-10,Midlands,Repair,3149,170,0,2177
2026-09-11,Midlands,Repair,3066,247,97,3078
2026-09-12,Midlands,Repair,2748,128,11,2940
2026-09-13,Midlands,Installation,2466,124,28,2572
2026-09-14,Midlands,Installation,2732,259,261,3165
2026-09-15,Midlands,Repair,1511,144,10,2029
2026-09-16,Midlands,Installation,2574,281,148,1938
2026-09-17,Midlands,Installation,3225,122,165,1100
2026-09-18,Midlands,Installation,2457,275,39,1929
2026-09-19,Midlands,Repair,2562,126,276,2539
2026-09-20,Midlands,Repair,1915,294,115,1492
2026-09-21,Midlands,Installation,2462,205,89,1657
2026-09-22,Midlands,Service,2987,146,48,2339
2026-09-23,Midlands,Service,3127,239,51,2271
2026-09-24,Midlands,Repair,1930,148,139,3187
2026-09-25,Midlands,Service,1685,155,182,1593
2026-09-26,Midlands,Installation,2027,118,45,2539
2026-09-27,Midlands,Repair,3462,283,64,2620
2026-09-28,Midlands,Service,1779,175,171,2240
2026-09-29,Midlands,Installation,2851,142,278,2382
2026-09-30,Midlands,Repair,3065,182,94,2425
2026-10-01,Midlands,Service,3272,255,213,2072
2026-10-02,Midlands,Repair,3405,253,250,1799
2026-10-03,Midlands,Service,2092,258,89,2558
2026-10-04,Midlands,Repair,2374,199,61,2811
2026-10-05,Midlands,Installation,3104,198,30,2268
2026-10-06,Midlands,Service,2449,230,71,1593
2026-10-07,Midlands,Repair,1816,174,166,2411
2026-10-08,Midlands,Service,2283,137,100,2633
2026-10-09,Midlands,Repair,3043,132,103,1520
2026-10-10,Midlands,Service,2868,226,217,1148
2026-10-11,Midlands,Repair,1924,247,16,2556
2026-10-12,Midlands,Service,1929,135,282,1675
2026-10-13,Midlands,Installation,3462,267,262,1481
2026-10-14,Midlands,Installation,1849,197,275,2763
2026-10-15,Midlands,Service,1734,271,61,2897
2026-10-16,Midlands,Installation,3295,198,294,1720
2026-10-17,Midlands,Service,2578,108,238,2538
2026-10-18,Midlands,Installation,3066,191,129,1883
2026-10-19,Midlands,Service,3096,249,8,1693
2026-10-20,Midlands,Service,3042,135,6,2548
2026-10-21,Midlands,Installation,2439,237,207,3188
2026-10-22,Midlands,Repair,1756,141,96,1984
2026-10-23,Midlands,Installation,1954,168,191,3011
2026-10-24,Midlands,Installation,3386,173,175,2181
2026-10-25,Midlands,Installation,1972,248,17,2255
2026-10-26,Midlands,Installation,2658,229,229,1950
2026-10-27,Midlands,Repair,3305,216,198,2266
2026-10-28,Midlands,Installation,1795,112,57,1495
2026-10-29,Midlands,Installation,2589,211,283,1875
2026-07-09,North West,Installation,3324,201,112,1280
2026-07-10,North West,Service,1951,217,170,2678
2026-07-11,North West,Installation,1930,240,161,2434
2026-07-12,North West,Installation,1792,234,35,2614
2026-07-13,North West,Repair,2538,263,25,3089
2026-07-14,North West,Installation,2096,291,264,3114
2026-07-15,North West,Installation,2032,139,178,1014
2026-07-16,North West,Service,2079,125,43,2173
2026-07-17,North West,Service,3412,188,45,1748
2026-07-18,North West,Service,2092,143,81,1594
2026-07-19,North West,Repair,1549,173,226,2698
2026-07-20,North West,Repair,2882,165,172,2010
2026-07-21,North West,Service,1825,204,251,2323
2026-07-22,North West,Installation,2999,153,222,2705
2026-07-23,North West,Service,2424,108,288,3178
2026-07-24,North West,Repair,1595,192,197,2144
2026-07-25,North West,Repair,2281,111,136,3170
2026-07-26,North West,Service,1912,296,260,1938
2026-07-27,North West,Repair,2453,124,20,1677
2026-07-28,North West,Service,1679,246,200,1209
2026-07-29,North West,Service,2041,189,244,2711
2026-07-30,North West,Service,2819,110,148,1600
2026-07-31,North West,Repair,1866,155,282,2861
2026-08-01,North West,Service,2571,231,69,1633
2026-08-02,North West,Repair,2245,218,259,2416
2026-08-03,North West,Installation,1670,193,274,1006
2026-08-04,North West,Repair,3468,182,189,1789
2026-08-05,North West,Installation,3173,158,115,2633
2026-08-07,North West,Service,3355,268,190,2906
2026-08-08,North West,Installation,1800,193,59,1640
2026-08-09,North West,Repair,2118,269,283,2572
2026-08-10,North West,Repair,2947,258,194,2826
2026-08-11,North West,Installation,2665,171,42,2614
2026-08-12,North West,Service,2621,143,247,2588
2026-08-13,North West,Service,1819,150,135,2824
2026-08-14,North West,Service,2883,221,105,2653
2026-08-15,North West,Installation,3247,206,218,2546
2026-08-16,North West,Repair,2762,207,103,1278
2026-08-17,North West,Service,1759,135,290,2588
2026-08-18,North West,Repair,3029,274,231,1133
2026-08-19,North West,Repair,2425,165,253,1365
2026-08-20,North West,Service,2745,162,173,2194
2026-08-21,North West,Repair,1834,185,58,1519
2026-08-22,North West,Repair,2658,163,141,2785
2026-08-23,North West,Repair,2492,155,39,2401
2026-08-24,North West,Repair,3267,228,122,1715
2026-08-25,North West,Repair,3450,195,17,2510
2026-08-26,North West,Service,1510,170,55,1474
2026-08-27,North West,Service,2269,292,174,1705
2026-08-28,North West,Repair,2426,164,280,2074
2026-08-29,North West,Service,3069,118,72,3051
2026-08-30,North West,Repair,2613,236,130,2326
2026-08-31,North West,Repair,1915,294,170,2495
2026-09-01,North West,Repair,1962,148,187,2152
2026-09-02,North West,Repair,2813,145,163,1018
2026-09-03,North West,Service,3081,267,131,1057
2026-09-04,North West,Repair,2482,235,144,3083
2026-09-05,North West,Service,2690,238,285,2837
2026-09-06,North West,Repair,2519,113,109,1129
2026-09-07,North West,Installation,2181,123,13,1777
2026-09-08,North West,Repair,2362,244,14,1360
2026-09-09,North West,Installation,3390,273,241,2102
2026-09-10,North West,Repair,2917,144,47,2107
2026-09-11,North West,Service,2926,256,82,1291
2026-09-12,North West,Repair,2564,124,227,2746
2026-09-13,North West,Repair,1829,105,247,1764
2026-09-14,North West,Service,1925,280,282,1698
2026-09-15,North West,Repair,1939,241,108,2092
2026-09-16,North West,Service,3026,203,180,2026
2026-09-17,North West,Installation,3224,206,102,1322
2026-09-18,North West,Repair,3176,145,108,2019
2026-09-19,North West,Service,1528,113,141,2808
2026-09-20,North West,Service,2420,105,46,2271
2026-09-21,North West,Installation,2072,133,300,2234
2026-09-22,North West,Service,3245,257,252,2477
2026-09-23,North West,Repair,1899,226,240,1313
2026-09-24,North West,Repair,2103,185,30,2639
2026-09-25,North West,Service,1919,138,119,1077
2026-09-26,North West,Repair,3001,212,229,2598
2026-09-27,North West,Service,1544,219,37,1411
2026-09-28,North West,Repair,2196,135,160,1612
2026-09-29,North West,Repair,2018,120,36,2793
2026-09-30,North West,Service,2550,126,195,2614
2026-10-01,North West,Installation,2687,211,235,1138
2026-10-02,North West,Repair,1921,148,11,3109
2026-10-03,North West,Repair,2117,116,103,1425
2026-10-04,North West,Repair,2847,188,214,1131
2026-10-05,North West,Service,2672,268,26,2755
2026-10-06,North West,Installation,2080,266,256,3024
2026-10-07,North West,Installation,3220,290,75,1442
2026-10-08,North West,Repair,1509,243,25,2200
2026-10-09,North West,Service,3102,254,194,1726
2026-10-10,North West,Service,1918,207,119,1505
2026-10-11,North West,Installation,1595,219,129,1879
2026-10-12,North West,Repair,2882,244,23,2278
2026-10-13,North West,Repair,1509,165,299,2706
2026-10-14,North West,Installation,1977,231,259,1978
2026-10-15,North West,Repair,2551,104,243,1129
2026-10-16,North West,Installation,2542,126,267,1528
2026-10-17,North West,Installation,2359,152,2,2880
2026-10-18,North West,Service,2964,178,121,2779
2026-10-19,North West,Service,2608,155,198,2568
2026-10-20,North West,Service,2785,178,153,1143
2026-10-21,North West,Repair,1533,227,25,1850
2026-10-22,North West,Repair,2861,130,68,2297
2026-10-23,North West,Service,1581,133,55,2458
2026-10-24,North West,Repair,2654,281,31,3035
2026-10-25,North West,Service,2274,198,102,1258
2026-10-26,North West,Installation,1603,268,3,2627
2026-10-27,North West,Service,1731,142,230,1332
2026-10-28,North West,Installation,2377,185,196,2498
2026-10-29,North West,Repair,2940,220,155,2728
2026-07-09,North East,Repair,1613,164,169,1350
2026-07-10,North East,Installation,1709,211,61,1543
2026-07-11,North East,Repair,2346,272,269,1339
2026-07-12,North East,Installation,3093,113,89,1855
2026-07-13,North East,Service,1570,292,257,1165
2026-07-14,North East,Repair,2944,232,257,1661
2026-07-15,North East,Installation,1556,196,288,1020
2026-07-16,North East,Service,1664,255,212,3172
2026-07-17,North East,Service,1638,123,238,1487
2026-07-18,North East,Service,1976,131,83,3153
2026-07-19,North East,Service,3190,143,141,2874
2026-07-20,North East,Service,1655,120,60,2039
2026-07-21,North East,Installation,2069,173,105,3040
2026-07-22,North East,Repair,2827,259,181,1635
2026-07-23,North East,Repair,2813,268,235,2389
2026-07-24,North East,Repair,1663,261,112,2149
2026-07-25,North East,Installation,1679,247,218,1712
2026-07-26,North East,Repair,2019,188,67,1420
2026-07-27,North East,Service,3234,102,182,2979
2026-07-28,North East,Repair,2739,155,138,3175
2026-07-29,North East,Installation,3037,298,216,1727
2026-07-30,North East,Installation,2013,121,12,3147
2026-07-31,North East,Repair,2332,193,54,1623
2026-08-01,North East,Installation,2980,221,74,3173
2026-08-02,North East,Installation,2003,167,296,2481
2026-08-03,North East,Repair,3264,162,181,2943
2026-08-04,North East,Installation,2291,124,151,2498
2026-08-05,North East,Service,2505,187,194,2044
2026-08-07,North East,Installation,2586,203,40,2948
2026-08-08,North East,Installation,1603,153,125,2845
2026-08-09,North East,Service,2991,167,219,3088
2026-08-10,North East,Service,2341,190,169,1997
2026-08-11,North East,Service,2905,265,154,3157
2026-08-12,North East,Repair,3494,100,252,2967
2026-08-13,North East,Repair,2904,188,210,3091
2026-08-14,North East,Installation,2337,100,40,2493
2026-08-15,North East,Installation,2830,210,15,3079
2026-08-16,North East,Repair,1565,148,35,1022
2026-08-17,North East,Service,2352,103,229,1347
2026-08-18,North East,Repair,2551,171,48,2590
2026-08-19,North East,Installation,1866,277,29,1001
2026-08-20,North East,Service,3278,208,284,2462
2026-08-21,North East,Service,2592,164,225,1956
2026-08-22,North East,Repair,2974,157,46,2257
2026-08-23,North East,Installation,2628,133,268,1389
2026-08-24,North East,Installation,3369,129,153,1034
2026-08-25,North East,Repair,2511,172,64,2990
2026-08-26,North East,Installation,2592,159,265,2788
2026-08-27,North East,Installation,2754,204,142,2847
2026-08-28,North East,Repair,3337,166,242,1566
2026-08-29,North East,Installation,2877,170,138,1435
2026-08-30,North East,Repair,3258,190,225,1906
2026-08-31,North East,Service,1960,292,117,2631
2026-09-01,North East,Repair,3456,151,261,2818
2026-09-02,North East,Repair,2149,186,267,1985
2026-09-03,North East,Installation,2431,248,292,1079
2026-09-04,North East,Repair,2349,184,27,2375
2026-09-05,North East,Installation,3339,123,37,2346
2026-09-06,North East,Repair,2491,179,40,2175
2026-09-07,North East,Service,1568,292,140,3177
2026-09-08,North East,Service,2371,177,207,1039
2026-09-09,North East,Installation,3235,176,276,2534
2026-09-10,North East,Installation,1992,134,275,1445
2026-09-11,North East,Installation,2799,269,76,1190
2026-09-12,North East,Service,1879,218,10,3157
2026-09-13,North East,Repair,2917,236,180,1552
2026-09-14,North East,Repair,3424,131,67,2444
2026-09-15,North East,Repair,2254,284,201,2295
2026-09-16,North East,Installation,3323,249,197,1612
2026-09-17,North East,Repair,2585,170,29,1260
2026-09-18,North East,Service,2051,191,59,2518
2026-09-19,North East,Installation,1825,120,134,2566
2026-09-20,North East,Repair,2871,219,157,3200
2026-09-21,North East,Installation,1528,291,298,2486
2026-09-22,North East,Installation,2585,166,235,1540
2026-09-23,North East,Service,2905,170,279,1001
2026-09-24,North East,Service,2547,117,285,1383
2026-09-25,North East,Service,2982,104,279,1457
2026-09-26,North East,Repair,2783,247,231,2371
2026-09-27,North East,Repair,2875,299,90,3071
2026-09-28,North East,Repair,2998,211,47,1050
2026-09-29,North East,Installation,2956,166,217,1661
2026-09-30,North East,Repair,1646,168,3,1534
2026-10-01,North East,Repair,3244,223,216,1748
2026-10-02,North East,Repair,1911,113,21,2661
2026-10-03,North East,Service,3469,149,142,1992
2026-10-04,North East,Repair,1775,147,212,2838
2026-10-05,North East,Service,2025,143,128,3008
2026-10-06,North East,Repair,2216,275,1,1861
2026-10-07,North East,Service,3001,271,34,2442
2026-10-08,North East,Repair,1705,189,197,2756
2026-10-09,North East,Repair,2603,300,170,2678
2026-10-10,North East,Installation,3306,197,112,1113
2026-10-11,North East,Installation,2115,281,19,3019
2026-10-12,North East,Repair,2178,162,163,2967
2026-10-13,North East,Repair,2473,203,95,2160
2026-10-14,North East,Service,3398,160,143,2606
2026-10-15,North East,Repair,1884,162,157,2402
2026-10-16,North East,Installation,3320,157,117,2565
2026-10-17,North East,Installation,2343,179,166,2506
2026-10-18,North East,Service,2621,122,206,3073
2026-10-19,North East,Service,2094,290,32,1298
2026-10-20,North East,Installation,2574,277,139,2176
2026-10-21,North East,Repair,2653,152,260,2207
2026-10-22,North East,Installation,3025,297,59,2555
2026-10-23,North East,Repair,2435,101,143,1031
2026-10-24,North East,Repair,2455,231,247,1813
2026-10-25,North East,Installation,1616,214,210,1614
2026-10-26,North East,Service,1787,232,154,2296
2026-10-27,North East,Installation,2667,240,254,1601
2026-10-28,North East,Service,2790,236,146,2437
2026-10-29,North East,Service,2368,103,90,1751
2026-07-09,Yorkshire,Service,1917,271,194,1553
2026-07-10,Yorkshire,Service,2472,149,198,2352
2026-07-11,Yorkshire,Installation,2255,298,190,2587
2026-07-12,Yorkshire,Installation,3113,275,232,2738
2026-07-13,Yorkshire,Installation,2276,134,293,1499
2026-07-14,Yorkshire,Service,3335,254,296,3166
2026-07-15,Yorkshire,Repair,2534,133,73,1470
2026-07-16,Yorkshire,Service,1531,158,144,3054
2026-07-17,Yorkshire,Service,2462,271,87,1489
2026-07-18,Yorkshire,Service,1595,222,145,1370
2026-07-19,Yorkshire,Service,3158,117,121,1764
2026-07-20,Yorkshire,Service,2690,288,176,1269
2026-07-21,Yorkshire,Repair,3103,170,243,1520
2026-07-22,Yorkshire,Installation,3305,110,296,2086
2026-07-23,Yorkshire,Repair,2263,111,260,2275
2026-07-24,Yorkshire,Repair,2643,142,16,3053
2026-07-25,Yorkshire,Installation,3140,147,70,2142
2026-07-26,Yorkshire,Repair,2013,185,137,2512
2026-07-27,Yorkshire,Service,2223,167,76,3127
2026-07-28,Yorkshire,Installation,1723,199,294,2633
2026-07-29,Yorkshire,Installation,3342,126,113,2533
2026-07-30,Yorkshire,Installation,2318,253,154,1593
2026-07-31,Yorkshire,Installation,2475,114,194,1306
2026-08-01,Yorkshire,Installation,2338,289,40,2849
2026-08-02,Yorkshire,Service,3033,198,27,1421
2026-08-03,Yorkshire,Installation,2782,260,219,2690
2026-08-04,Yorkshire,Repair,2816,218,70,2302
2026-08-05,Yorkshire,Repair,1996,278,273,1386
2026-08-07,Yorkshire,Service,2916,300,89,1104
2026-08-08,Yorkshire,Installation,2297,266,29,2096
2026-08-09,Yorkshire,Service,3495,209,133,1744
2026-08-10,Yorkshire,Repair,2895,133,150,1175
2026-08-11,Yorkshire,Service,3255,287,64,2630
2026-08-12,Yorkshire,Repair,3002,299,173,2935
2026-08-13,Yorkshire,Repair,1945,230,233,1480
2026-08-14,Yorkshire,Installation,1514,153,92,3088
2026-08-15,Yorkshire,Repair,3244,278,4,2688
2026-08-16,Yorkshire,Repair,2942,220,4,3088
2026-08-17,Yorkshire,Service,3447,258,155,1104
2026-08-18,Yorkshire,Repair,1608,233,43,1343
2026-08-19,Yorkshire,Repair,1779,129,66,2476
2026-08-20,Yorkshire,Repair,2892,143,183,3019
2026-08-21,Yorkshire,Service,1810,281,228,1343
2026-08-22,Yorkshire,Repair,2093,228,71,2815
2026-08-23,Yorkshire,Installation,1713,167,87,2470
2026-08-24,Yorkshire,Repair,3135,256,189,2295
2026-08-25,Yorkshire,Repair,2778,296,280,2269
2026-08-26,Yorkshire,Installation,2719,282,24,3070
2026-08-27,Yorkshire,Service,1947,254,65,1458
2026-08-28,Yorkshire,Repair,1633,239,6,3047
2026-08-29,Yorkshire,Repair,1637,288,276,3119
2026-08-30,Yorkshire,Repair,2913,264,202,2925
2026-08-31,Yorkshire,Service,2446,100,229,2390
2026-09-01,Yorkshire,Repair,1683,200,26,1853
2026-09-02,Yorkshire,Repair,1776,148,224,1205
2026-09-03,Yorkshire,Installation,2517,123,166,1928
2026-09-04,Yorkshire,Repair,2501,220,160,3081
2026-09-05,Yorkshire,Service,3231,195,69,1833
2026-09-06,Yorkshire,Repair,3097,151,185,2387
2026-09-07,Yorkshire,Installation,2274,279,102,2380
2026-09-08,Yorkshire,Service,1761,166,83,1191
2026-09-09,Yorkshire,Installation,1548,210,8,2219
2026-09-10,Yorkshire,Service,2660,284,291,2546
2026-09-11,Yorkshire,Service,1772,189,51,2436
2026-09-12,Yorkshire,Repair,2893,291,217,1419
2026-09-13,Yorkshire,Installation,2342,114,119,1661
2026-09-14,Yorkshire,Service,1949,238,256,2895
2026-09-15,Yorkshire,Service,3360,160,122,1402
2026-09-16,Yorkshire,Installation,1670,275,249,1482
2026-09-17,Yorkshire,Installation,3389,213,271,1730
2026-09-18,Yorkshire,Installation,2381,211,122,2555
2026-09-19,Yorkshire,Installation,3226,148,245,2105
2026-09-20,Yorkshire,Repair,3475,240,242,1936
2026-09-21,Yorkshire,Installation,1669,165,118,2832
2026-09-22,Yorkshire,Installation,3039,113,265,1088
2026-09-23,Yorkshire,Service,1742,274,189,1235
2026-09-24,Yorkshire,Installation,2077,178,3,1758
2026-09-25,Yorkshire,Repair,1519,211,19,1310
2026-09-26,Yorkshire,Installation,2000,203,96,3047
2026-09-27,Yorkshire,Service,2565,185,176,2442
2026-09-28,Yorkshire,Service,1842,162,146,1016
2026-09-29,Yorkshire,Repair,2750,142,65,1614
2026-09-30,Yorkshire,Installation,2298,193,246,1043
2026-10-01,Yorkshire,Repair,2200,119,233,1582
2026-10-02,Yorkshire,Service,2440,223,14,1541
2026-10-03,Yorkshire,Installation,3398,204,246,2325
2026-10-04,Yorkshire,Service,2035,174,295,1088
2026-10-05,Yorkshire,Installation,3112,272,297,2068
2026-10-06,Yorkshire,Service,2415,242,11,1051
2026-10-07,Yorkshire,Installation,3402,288,172,2489
2026-10-08,Yorkshire,Installation,1590,216,111,1046
2026-10-09,Yorkshire,Service,1514,187,197,1300
2026-10-10,Yorkshire,Installation,3478,177,122,1547
2026-10-11,Yorkshire,Repair,2682,289,119,3185
2026-10-12,Yorkshire,Repair,2909,112,138,2336
2026-10-13,Yorkshire,Installation,1946,123,27,1822
2026-10-14,Yorkshire,Installation,3317,101,47,1433
2026-10-15,Yorkshire,Installation,3093,236,230,1876
2026-10-16,Yorkshire,Repair,1807,164,161,1624
2026-10-17,Yorkshire,Installation,1939,171,25,2333
2026-10-18,Yorkshire,Repair,2468,106,244,2180
2026-10-19,Yorkshire,Installation,2597,266,29,1833
2026-10-20,Yorkshire,Installation,3264,175,124,1012
2026-10-21,Yorkshire,Repair,3084,123,244,1824
2026-10-22,Yorkshire,Installation,2314,218,105,2927
2026-10-23,Yorkshire,Repair,3348,210,224,2402
2026-10-24,Yorkshire,Service,3373,179,273,2779
2026-10-25,Yorkshire,Service,2558,151,139,1984
2026-10-26,Yorkshire,Installation,2724,147,53,2813
2026-10-27,Yorkshire,Installation,3367,219,96,1256
2026-10-28,Yorkshire,Installation,2849,151,105,1897
2026-10-29,Yorkshire,Service,2947,168,11,1612
2026-07-09,Wales,Installation,3214,101,56,1981
2026-07-10,Wales,Service,3475,286,44,2784
2026-07-11,Wales,Installation,2167,252,228,1831
2026-07-12,Wales,Service,2036,148,116,1368
2026-07-13,Wales,Repair,2223,103,151,2477
2026-07-14,Wales,Service,2061,108,56,1162
2026-07-15,Wales,Repair,2192,230,231,1495
2026-07-16,Wales,Service,2067,298,167,1937
2026-07-17,Wales,Installation,2947,285,268,2940
2026-07-18,Wales,Installation,2630,198,247,3064
2026-07-19,Wales,Service,1522,149,115,2862
2026-07-20,Wales,Service,3349,167,97,2882
2026-07-21,Wales,Repair,1797,127,82,2959
2026-07-22,Wales,Repair,2492,235,133,1939
2026-07-23,Wales,Installation,2407,165,201,2123
2026-07-24,Wales,Repair,3147,279,216,1982
2026-07-25,Wales,Repair,3223,152,110,2047
2026-07-26,Wales,Installation,2652,253,21,2908
2026-07-27,Wales,Repair,2470,280,98,1403
2026-07-28,Wales,Repair,1703,139,226,3164
2026-07-29,Wales,Installation,1972,279,9,2610
2026-07-30,Wales,Repair,1801,134,239,2932
2026-07-31,Wales,Installation,3148,139,211,2112
2026-08-01,Wales,Service,1663,154,15,3035
2026-08-02,Wales,Repair,1834,186,15,1487
2026-08-03,Wales,Service,2741,155,61,1732
2026-08-04,Wales,Installation,3337,177,253,3185
2026-08-05,Wales,Installation,1561,164,255,2038
2026-08-07,Wales,Service,2211,106,264,1829
2026-08-08,Wales,Service,2508,235,41,2636
2026-08-09,Wales,Installation,1571,275,42,1548
2026-08-10,Wales,Installation,2363,168,18,2338
2026-08-11,Wales,Service,2938,170,145,2874
2026-08-12,Wales,Service,2699,284,252,1892
2026-08-13,Wales,Installation,2453,244,237,2770
2026-08-14,Wales,Service,3010,247,171,2426
2026-08-15,Wales,Repair,2060,140,217,1175
2026-08-16,Wales,Service,1796,284,172,2151
2026-08-17,Wales,Repair,2953,245,129,1738
2026-08-18,Wales,Service,3301,298,227,2427
2026-08-19,Wales,Service,2571,218,275,2533
2026-08-20,Wales,Installation,2029,269,19,2959
2026-08-21,Wales,Service,3016,205,196,3137
2026-08-22,Wales,Service,2432,229,295,1819
2026-08-23,Wales,Repair,3441,232,122,2645
2026-08-24,Wales,Repair,2138,261,30,2294
2026-08-25,Wales,Service,2917,206,139,1102
2026-08-26,Wales,Service,3055,261,115,1849
2026-08-27,Wales,Service,2743,264,65,3073
2026-08-28,Wales,Repair,2901,168,158,2364
2026-08-29,Wales,Installation,2338,122,134,3077
2026-08-30,Wales,Repair,1990,138,171,2719
2026-08-31,Wales,Repair,3457,194,17,1111
2026-09-01,Wales,Installation,1797,224,107,1103
2026-09-02,Wales,Repair,2036,260,284,1375
2026-09-03,Wales,Repair,2720,213,145,3013
2026-09-04,Wales,Service,3476,292,7,3123
2026-09-05,Wales,Repair,1669,233,41,2380
2026-09-06,Wales,Service,2769,132,144,1607
2026-09-07,Wales,Repair,1815,231,157,2693
2026-09-08,Wales,Installation,2015,109,273,3147
2026-09-09,Wales,Repair,2545,122,39,2685
2026-09-10,Wales,Repair,1893,206,174,2825
2026-09-11,Wales,Service,1673,286,189,3089
2026-09-12,Wales,Service,1972,239,251,2417
2026-09-13,Wales,Service,1632,197,8,1197
2026-09-14,Wales,Installation,3010,284,44,1400
2026-09-15,Wales,Service,2088,108,291,3154
2026-09-16,Wales,Repair,3082,271,159,1966
2026-09-17,Wales,Repair,2824,129,10,2498
2026-09-18,Wales,Installation,3241,280,197,1963
2026-09-19,Wales,Repair,1661,282,223,2001
2026-09-20,Wales,Service,3326,245,288,1213
2026-09-21,Wales,Repair,1761,241,87,2009
2026-09-22,Wales,Installation,2400,189,47,1651
2026-09-23,Wales,Installation,3014,212,228,1565
2026-09-24,Wales,Service,2988,292,226,2995
2026-09-25,Wales,Repair,1591,235,162,2562
2026-09-26,Wales,Repair,2469,299,239,2537
2026-09-27,Wales,Service,2442,104,28,1215
2026-09-28,Wales,Service,3374,119,9,2045
2026-09-29,Wales,Installation,2555,199,113,2115
2026-09-30,Wales,Installation,2418,197,142,1828
2026-10-01,Wales,Repair,2675,216,207,1826
2026-10-02,Wales,Repair,3343,240,275,1041
2026-10-03,Wales,Service,2131,259,83,2477
2026-10-04,Wales,Installation,3156,192,185,2817
2026-10-05,Wales,Repair,3448,156,100,1676
2026-10-06,Wales,Installation,3018,256,26,2473
2026-10-07,Wales,Service,3346,107,70,2404
2026-10-08,Wales,Repair,2141,168,37,1306
2026-10-09,Wales,Repair,2118,206,159,1689
2026-10-10,Wales,Service,3221,231,231,1912
2026-10-11,Wales,Repair,3099,178,144,1531
2026-10-12,Wales,Installation,3326,124,45,1955
2026-10-13,Wales,Installation,2952,187,9,2869
2026-10-14,Wales,Installation,3352,214,214,2653
2026-10-15,Wales,Repair,3114,272,21,3072
2026-10-16,Wales,Repair,2320,160,90,2509
2026-10-17,Wales,Service,1840,172,170,1417
2026-10-18,Wales,Service,1955,256,261,1950
2026-10-19,Wales,Installation,2709,289,92,1348
2026-10-20,Wales,Installation,2576,218,169,2290
2026-10-21,Wales,Service,2033,169,287,2215
2026-10-22,Wales,Repair,3497,232,111,3090
2026-10-23,Wales,Service,3034,255,136,1039
2026-10-24,Wales,Repair,3400,175,78,1817
2026-10-25,Wales,Service,3128,111,87,1644
2026-10-26,Wales,Repair,2089,137,163,3087
2026-10-27,Wales,Installation,3386,243,134,1386
2026-10-28,Wales,Service,2394,285,155,1656
2026-10-29,Wales,Service,3154,122,26,2768
2026-07-09,Scotland,Installation,2858,189,239,3125
2026-07-10,Scotland,Service,3136,298,226,2059
2026-07-11,Scotland,Service,1835,104,67,1617
2026-07-12,Scotland,Repair,2912,278,153,1728
2026-07-13,Scotland,Installation,3436,280,291,1376
2026-07-14,Scotland,Installation,1631,240,230,1896
2026-07-15,Scotland,Service,2500,102,126,2440
2026-07-16,Scotland,Repair,3341,144,119,3059
2026-07-17,Scotland,Installation,2147,108,99,2239
2026-07-18,Scotland,Service,2642,274,139,2128
2026-07-19,Scotland,Service,2199,269,216,1771
2026-07-20,Scotland,Service,3377,203,100,1659
2026-07-21,Scotland,Repair,2706,130,22,2328
2026-07-22,Scotland,Installation,2226,228,285,1687
2026-07-23,Scotland,Service,2752,252,214,2305
2026-07-24,Scotland,Installation,1834,244,262,2285
2026-07-25,Scotland,Repair,1554,133,218,1071
2026-07-26,Scotland,Installation,1952,216,196,1637
2026-07-27,Scotland,Installation,2192,295,289,1255
2026-07-28,Scotland,Repair,2036,142,32,3174
2026-07-29,Scotland,Service,3248,168,213,2235
2026-07-30,Scotland,Repair,3105,194,27,1437
2026-07-31,Scotland,Service,2025,271,188,2065
2026-08-01,Scotland,Service,3173,159,90,2369
2026-08-02,Scotland,Service,2630,149,279,3162
2026-08-03,Scotland,Service,1938,167,230,2172
2026-08-04,Scotland,Repair,1817,188,262,1225
2026-08-05,Scotland,Service,3136,142,144,3035
2026-08-07,Scotland,Service,1834,136,104,2394
2026-08-08,Scotland,Repair,2334,250,66,1882
2026-08-09,Scotland,Service,2202,278,68,1792
2026-08-10,Scotland,Repair,2298,204,273,1242
2026-08-11,Scotland,Installation,2799,135,293,1794
2026-08-12,Scotland,Repair,2050,206,195,1755
2026-08-13,Scotland,Installation,2352,223,69,3198
2026-08-14,Scotland,Installation,3076,249,161,2194
2026-08-15,Scotland,Installation,2618,118,74,1040
2026-08-16,Scotland,Installation,2479,133,272,1683
2026-08-17,Scotland,Repair,2275,178,52,1355
2026-08-18,Scotland,Installation,1511,269,100,2133
2026-08-19,Scotland,Installation,3367,197,166,1076
2026-08-20,Scotland,Installation,2163,179,267,1424
2026-08-21,Scotland,Installation,1516,170,245,1081
2026-08-22,Scotland,Service,2742,134,26,2438
2026-08-23,Scotland,Installation,2848,197,176,2006
2026-08-24,Scotland,Repair,2598,115,45,1472
2026-08-25,Scotland,Service,1626,272,33,2487
2026-08-26,Scotland,Repair,3263,166,1,1905
2026-08-27,Scotland,Repair,3084,143,106,1463
2026-08-28,Scotland,Installation,2919,145,100,3120
2026-08-29,Scotland,Service,3114,108,151,1934
2026-08-30,Scotland,Installation,2670,289,38,1511
2026-08-31,Scotland,Installation,1675,202,217,1205
2026-09-01,Scotland,Repair,2924,216,105,1115
2026-09-02,Scotland,Service,2608,253,222,2085
2026-09-03,Scotland,Repair,2792,170,291,1373
2026-09-04,Scotland,Installation,3387,103,169,2795
2026-09-05,Scotland,Installation,2417,216,243,1733
2026-09-06,Scotland,Installation,2239,207,76,1504
2026-09-07,Scotland,Installation,3333,136,119,3058
2026-09-08,Scotland,Installation,2066,298,180,1856
2026-09-09,Scotland,Repair,2710,180,258,2387
2026-09-10,Scotland,Installation,2181,196,298,1738
2026-09-11,Scotland,Service,3237,147,224,1656
2026-09-12,Scotland,Service,2728,124,99,2010
2026-09-13,Scotland,Installation,2873,225,219,1998
2026-09-14,Scotland,Installation,1736,119,29,2294
2026-09-15,Scotland,Repair,2165,176,66,2334
2026-09-16,Scotland,Installation,2654,118,63,2721
2026-09-17,Scotland,Service,3093,150,245,3127
2026-09-18,Scotland,Repair,2724,133,244,1814
2026-09-19,Scotland,Repair,2970,197,262,2910
2026-09-20,Scotland,Repair,3207,287,52,3096
2026-09-21,Scotland,Installation,3233,287,37,2288
2026-09-22,Scotland,Service,3356,196,292,2927
2026-09-23,Scotland,Repair,1733,229,73,2890
2026-09-24,Scotland,Service,3384,203,149,2989
2026-09-25,Scotland,Repair,2312,181,62,1591
2026-09-26,Scotland,Service,2156,231,220,2548
2026-09-27,Scotland,Repair,1979,151,271,1928
2026-09-28,Scotland,Installation,2714,140,101,3168
2026-09-29,Scotland,Repair,1876,284,174,2428
2026-09-30,Scotland,Service,3410,224,124,1647
2026-10-01,Scotland,Service,2284,180,111,1058
2026-10-02,Scotland,Installation,2762,138,184,1744
2026-10-03,Scotland,Installation,3430,121,39,1875
2026-10-04,Scotland,Service,2405,140,263,1273
2026-10-05,Scotland,Service,1666,119,220,2536
2026-10-06,Scotland,Repair,3354,278,195,1764
2026-10-07,Scotland,Service,3453,191,191,2007
2026-10-08,Scotland,Installation,3150,144,59,1866
2026-10-09,Scotland,Installation,2009,228,237,2052
2026-10-10,Scotland,Service,2013,195,176,1748
2026-10-11,Scotland,Service,1866,116,142,1620
2026-10-12,Scotland,Installation,2176,125,246,1786
2026-10-13,Scotland,Repair,2631,279,99,2444
2026-10-14,Scotland,Service,2155,112,5,2300
2026-10-15,Scotland,Installation,2908,260,171,3084
2026-10-16,Scotland,Installation,2785,276,91,2481
2026-10-17,Scotland,Service,3261,239,98,1054
2026-10-18,Scotland,Installation,2530,177,163,1223
2026-10-19,Scotland,Installation,3393,256,220,2947
2026-10-20,Scotland,Service,2612,166,144,1062
2026-10-21,Scotland,Repair,2541,121,39,2551
2026-10-22,Scotland,Service,3245,249,83,2726
2026-10-23,Scotland,Service,2570,230,209,3176
2026-10-24,Scotland,Installation,2921,266,207,2367
2026-10-25,Scotland,Service,2945,119,12,2051
2026-10-26,Scotland,Repair,2828,162,29,1360
2026-10-27,Scotland,Installation,2426,207,259,2464
2026-10-28,Scotland,Installation,2799,153,248,2484
2026-10-29,Scotland,Service,3265,287,161,2603
